;Raw_Features;X_List;field_id;suffix;title;New_Title_for_plot;New_Category_for_plot;title_category;main_category;encoding_id;notes
0;Able_to_pay_rent/mortgage_as_an_adult-0.0;Able_to_pay_rentmortgage_as_an_adult-0.0;20525.0;0.0;Able to pay rent/mortgage as an adult;Able to pay rent/mortgage as an adult;Mental health and socio-affective factors;Traumatic events;145.0;532.0;"Question asked: ""Since I was sixteen... There was money to pay the rent or mortgage when I needed it"""
1;Age;Age;21003.0;-1.0;Age;Age;Not a feature;Reception;100024.0;0.0;Age when attended assessment centre
2;Age_COPD_(Chronic_Obstructive_Pulmonary_Disease)_diagnosed_by_doctor-0.0;Age_COPD_Chronic_Obstructive_Pulmonary_Disease_diagnosed_by_doctor-0.0;22150.0;0.0;Age COPD (Chronic Obstructive Pulmonary Disease) diagnosed by doctor;Chronic Obstructive Pulmonary Disease : diagnostic age;Body injuries and illnesses;Medical information;132.0;0.0;User was asked the age at which doctor diagnosed COPD (Chronic Obstructive Pulmonary Disease)
3;Age_angina_diagnosed-2.0;Age_angina_diagnosed-2.0;3627.0;2.0;Age angina diagnosed;Angina : diagnostic age;Cardiovascular health;Medical conditions;100044.0;100291.0;"ACE touchscreen question ""What was your age when the angina was first diagnosed?""<p>The following checks were performed:<ul><li>If answer < 0 then rejected</li><li>If answer > Participants age then rejected</li><li>If answer < 40 then participant asked to confirm</li><li>If answer > 69 then participant asked to confirm</li></ul><p>If the participant activated the Help button they were shown the message:<br><table><tr><td><i>If you are unsure, please provide an estimate or select Do not know.<br></i></td></tr></table><p>~F3627~ was collected from participants who indicated they were told by a doctor that they have had an angina, as defined by their answers to ~F6150~"
4;Age_asthma_diagnosed-2.0;Age_asthma_diagnosed-2.0;3786.0;2.0;Age asthma diagnosed;Asthma : diagnostic age;Body injuries and illnesses;Medical conditions;100044.0;100291.0;"ACE touchscreen question ""What was your age when the asthma was first diagnosed?""<p>The following checks were performed:<ul><li>If answer < 0 then rejected</li><li>If answer > Participants age then rejected</li><li>If answer < 10 then participant asked to confirm</li><li>If answer > 69 then participant asked to confirm</li></ul><p>If the participant activated the Help button they were shown the message:<br><table><tr><td><i>If you are unsure, please provide an estimate or select Do not know.<br></i></td></tr></table><p>~F3786~ was collected from participants who indicated they were told by a doctor that they have had asthma, as defined by their answers to ~F6152~"
5;Age_asthma_diagnosed_by_doctor-0.0;Age_asthma_diagnosed_by_doctor-0.0;22147.0;0.0;Age asthma diagnosed by doctor;Asthma : diagnostic age by doctor;Body injuries and illnesses;Medical information;132.0;0.0;User was asked the age at which doctor diagnosed asthma
6;Age_at_first_episode_of_depression-0.0;Age_at_first_episode_of_depression-0.0;20433.0;0.0;Age at first episode of depression;Depression : age at first episode;Mental health and socio-affective factors;Depression;138.0;513.0;"Question asked: ""About how old were you the FIRST time you had a period of two weeks like this? (Whether or not you received any help for it.)"" <p>Question was asked when ~F20446~ was Yes or ~F20441~ was Yes."
7;Age_at_last_episode_of_depression-0.0;Age_at_last_episode_of_depression-0.0;20434.0;0.0;Age at last episode of depression;Depression : age at last episode;Mental health and socio-affective factors;Depression;138.0;513.0;"Question asked: ""About how old were you the LAST time you had a period of two weeks like this? (Whether or not you received any help for it.)"" <p>Question was asked when ~F20446~ was Yes or ~F20441~ was Yes."
8;Age_cataract_diagnosed-2.0;Age_cataract_diagnosed-2.0;4700.0;2.0;Age cataract diagnosed;Cataract : diagnostic age;Eye/Vision impairment;Eyesight;100041.0;100291.0;"ACE touchscreen question ""What was your age when a cataract was first diagnosed?""<p>The following checks were performed:<ul><li>If answer < 0 then rejected</li><li>If answer > Participants age then rejected</li><li>If answer < 40 then participant asked to confirm</li><li>If answer > 69 then participant asked to confirm</li></ul><p>If the participant activated the Help button they were shown the message:<br><table><tr><td><i>If you are unsure, please provide an estimate or select Do not know.<br></i></td></tr></table><p>~F4700~ was collected from participants who indicated they have cataract, as defined by their answers to ~F6148~"
9;Age_chronic_bronchitis_diagnosed_by_doctor-0.0;Age_chronic_bronchitis_diagnosed_by_doctor-0.0;22149.0;0.0;Age chronic bronchitis diagnosed by doctor;Chronic bronchitis : diagnostic age;Body injuries and illnesses;Medical information;132.0;0.0;User was asked the age at which doctor diagnosed chronic bronchitis
10;Age_diabetes_diagnosed-2.0;Age_diabetes_diagnosed-2.0;2976.0;2.0;Age diabetes diagnosed;Diabetes disease : diagnostic age;Diabetes;Medical conditions;100044.0;100291.0;"ACE touchscreen question ""What was your age when the diabetes was first diagnosed?""<p>The following checks were performed:<ul><li>If answer < 0 then rejected</li><li>If answer > Participants age then rejected</li><li>If answer < 10 then participant asked to confirm</li><li>If answer > 69 then participant asked to confirm</li></ul><p>If the participant activated the Help button they were shown the message:<br><table><tr><td><i>If you are unsure, please provide an estimate or select Do not know.<br></i></td></tr></table><p>~F2976~ was collected from men who indicated that a doctor had told them they have diabetes, as defined by their answers to ~F2443~ and all women except those who indicated they had diabetes only during pregnancy, as defined by their answers to ~F2443~"
11;Age_emphysema_diagnosed_by_doctor-0.0;Age_emphysema_diagnosed_by_doctor-0.0;22148.0;0.0;Age emphysema diagnosed by doctor;Emphysema : diagnostic age;Body injuries and illnesses;Medical information;132.0;0.0;User was asked the age at which doctor diagnosed emphysema
12;Age_emphysema/chronic_bronchitis_diagnosed-2.0;Age_emphysemachronic_bronchitis_diagnosed-2.0;3992.0;2.0;Age emphysema/chronic bronchitis diagnosed;Emphysema/Chronic bronchitis : diagnostic age;Body injuries and illnesses;Medical conditions;100044.0;100291.0;"ACE touchscreen question ""What was your age when the emphysema/chronic bronchitis was first diagnosed?""<p>The following checks were performed:<ul><li>If answer < 0 then rejected</li><li>If answer > Participants age then rejected</li><li>If answer < 40 then participant asked to confirm</li><li>If answer > 69 then participant asked to confirm</li></ul><p>If the participant activated the Help button they were shown the message:<br><table><tr><td><i>If you are unsure, please provide an estimate or select Do not know.<br></i></td></tr></table><p>~F3992~ was collected from participants who indicated they were told by a doctor that they have had emphysema or chronic bronchitis, as defined by their answers to ~F6152~"
13;Age_glaucoma_diagnosed-2.0;Age_glaucoma_diagnosed-2.0;4689.0;2.0;Age glaucoma diagnosed;Glaucoma : diagnostic age;Eye/Vision impairment;Eyesight;100041.0;100291.0;"ACE touchscreen question ""What was your age when glaucoma was first diagnosed?""<p>The following checks were performed:<ul><li>If answer < 0 then rejected</li><li>If answer > Participants age then rejected</li><li>If answer < 40 then participant asked to confirm</li><li>If answer > 69 then participant asked to confirm</li></ul><p>If the participant activated the Help button they were shown the message:<br><table><tr><td><i>If you are unsure, please provide an estimate or select Do not know.<br></i></td></tr></table><p>~F4689~ was collected from participants who indicated they have glaucoma, as defined by their answers to ~F6148~"
14;Age_hay_fever,_rhinitis_or_eczema_diagnosed-2.0;Age_hay_fever_rhinitis_or_eczema_diagnosed-2.0;3761.0;2.0;Age hay fever, rhinitis or eczema diagnosed;Hay fever, rhinitis or eczema : diagnostic age;Body injuries and illnesses;Medical conditions;100044.0;100291.0;"ACE touchscreen question ""What was your age when the hayfever, rhinitis or eczema was first diagnosed?""<p>The following checks were performed:<ul><li>If answer < 0 then rejected</li><li>If answer > Participants age then rejected</li><li>If answer < 10 then participant asked to confirm</li><li>If answer > 69 then participant asked to confirm</li></ul><p>If the participant activated the Help button they were shown the message:<br><table><tr><td><i>If you are unsure, please provide an estimate or select Do not know.<br></i></td></tr></table><p>~F3761~ was collected from participants who indicated they were told by a doctor that they have had hayfever, allergic rhinitis or eczema, as defined by their answers to ~F6152~"
15;Age_hayfever_or_allergic_rhinitis_diagnosed_by_doctor-0.0;Age_hayfever_or_allergic_rhinitis_diagnosed_by_doctor-0.0;22146.0;0.0;Age hayfever or allergic rhinitis diagnosed by doctor;Hayfever or allergic rhinitis : diagnostic age;Body injuries and illnesses;Medical information;132.0;0.0;User was asked the age at which doctor diagnosed hayfever or allergic rhinitis
16;Age_heart_attack_diagnosed-2.0;Age_heart_attack_diagnosed-2.0;3894.0;2.0;Age heart attack diagnosed;Heart attack : diagnostic age;Cardiovascular health;Medical conditions;100044.0;100291.0;"ACE touchscreen question ""What was your age when the heart attack was first diagnosed?""<p>The following checks were performed:<ul><li>If answer < 0 then rejected</li><li>If answer > Participants age then rejected</li><li>If answer < 40 then participant asked to confirm</li><li>If answer > 69 then participant asked to confirm</li></ul><p>If the participant activated the Help button they were shown the message:<br><table><tr><td><i>If you are unsure, please provide an estimate or select Do not know.<br></i></td></tr></table><p>~F3894~ was collected from participants who indicated they were told by a doctor that they have had a heart attack, as defined by their answers to ~F6150~"
17;Age_high_blood_pressure_diagnosed-2.0;Age_high_blood_pressure_diagnosed-2.0;2966.0;2.0;Age high blood pressure diagnosed;High blood pressure : diagnostic age;Cardiovascular health;Medical conditions;100044.0;100291.0;"ACE touchscreen question ""What was your age when the high blood pressure was first diagnosed?""<p>The following checks were performed:<ul><li>If answer < 0 then rejected</li><li>If answer > Participants age then rejected</li><li>If answer < 40 then participant asked to confirm</li><li>If answer > 69 then participant asked to confirm</li></ul><p>If the participant activated the Help button they were shown the message:<br><table><tr><td><i>If you are unsure, please provide an estimate or select Do not know.<br></i></td></tr></table><p>~F2966~ was collected from participants who indicated they were told by a doctor that they have had high blood pressure, as defined by their answers to ~F6150~"
18;Age_lung_cancer_(not_mesothelioma)_diagnosed_by_doctor-0.0;Age_lung_cancer_not_mesothelioma_diagnosed_by_doctor-0.0;22160.0;0.0;Age lung cancer (not mesothelioma) diagnosed by doctor;Lung cancer (not mesothelioma) : diagnostic age;Body injuries and illnesses;Medical information;132.0;0.0;User was asked the age at which doctor diagnosed lung cancer (not mesothelioma)
19;Age_macular_degeneration_diagnosed-2.0;Age_macular_degeneration_diagnosed-2.0;5923.0;2.0;Age macular degeneration diagnosed;Macular degeneration : diagnostic age;Eye/Vision impairment;Eyesight;100041.0;100291.0;"ACE touchscreen question ""What was your age when macular degeneration was first diagnosed?""<p>The following checks were performed:<ul><li>If answer < 0 then rejected</li><li>If answer > Participants age then rejected</li><li>If answer < 40 then participant asked to confirm</li><li>If answer > 69 then participant asked to confirm</li></ul><p>If the participant activated the Help button they were shown the message:<br><table><tr><td><i>If you are unsure, please provide an estimate or select Do not know.<br></i></td></tr></table><p>~F5923~ was collected from participants who indicated they have macular degeneration, as defined by their answers to ~F6148~"
20;Age_pulmonary_embolism_(blood_clot_in_lung)_diagnosed-2.0;Age_pulmonary_embolism_blood_clot_in_lung_diagnosed-2.0;4022.0;2.0;Age pulmonary embolism (blood clot in lung) diagnosed;Pulmonary embolism (blood clot in lung) : diagnostic age;Cardiovascular health;Medical conditions;100044.0;100291.0;"ACE touchscreen question ""What was your age when the blood clot in the lung was first diagnosed?""<p>The following checks were performed:<ul><li>If answer < 0 then rejected</li><li>If answer > Participants age then rejected</li><li>If answer < 40 then participant asked to confirm</li><li>If answer > 69 then participant asked to confirm</li></ul><p>If the participant activated the Help button they were shown the message:<br><table><tr><td><i>If you are unsure, please provide an estimate or select Do not know.<br></i></td></tr></table><p>~F4022~ was collected from participants who indicated they were told by a doctor that they have had a blood clot in the lung , as defined by their answers to ~F6152~"
21;Age_sarcoidosis_diagnosed_by_doctor-0.0;Age_sarcoidosis_diagnosed_by_doctor-0.0;22153.0;0.0;Age sarcoidosis diagnosed by doctor;Sarcoidosis : diagnostic age;Body injuries and illnesses;Medical information;132.0;0.0;User was asked the age at which doctor diagnosed sarcoidosis
22;Age_started_smoking_in_current_smokers-0.0;Age_started_smoking_in_current_smokers-0.0;3436.0;0.0;Age started smoking in current smokers;Smoking : age when started again (current smokers);Cardiovascular health;Smoking;100058.0;100291.0;"ACE touchscreen question ""How old were you when you first started smoking on most days?"" <p>The following checks were performed: <ul> <li>If answer < 5 then rejected</li> <li>If answer > Participants age then rejected</li> <li>If answer < 12 then participant asked to confirm</li> </ul> <p>~F3436~ was collected from participants who indicated they currently smoke tobacco on most or all days, as defined by their answers to ~F1239~"
23;Age_started_smoking_in_former_smokers-2.0;Age_started_smoking_in_former_smokers-2.0;2867.0;2.0;Age started smoking in former smokers;Smoking : age when started;Cardiovascular health;Smoking;100058.0;100291.0;"ACE touchscreen question ""How old were you when you first started smoking on most days?""<p>The following checks were performed:<ul><li>If answer < 5 then rejected</li><li>If answer > Participants age then rejected</li><li>If answer < 12 then participant asked to confirm</li></ul><p>~F2867~ was collected from participants who indicated that in the past they smoked on most or all days, as defined by their answers to ~F1249~"
24;Age_started_wearing_glasses_or_contact_lenses-2.0;Age_started_wearing_glasses_or_contact_lenses-2.0;2217.0;2.0;Age started wearing glasses or contact lenses;Wearing glasses or lenses : age when started;Eye/Vision impairment;Eyesight;100041.0;100291.0;"ACE touchscreen question ""What age did you first start to wear glasses or contact lenses?""<p>The following checks were performed:<ul><li>If answer < 1 then rejected</li><li>If answer > Participants age then rejected</li><li>If answer < 4 then participant asked to confirm</li></ul><p>If the participant activated the Help button they were shown the message:<br><table><tr><td><i>If you are unsure, please provide an estimate or select Do not know.<br></i></td></tr></table><p>~F2217~ was collected from participants who indicated they wear glasses or contact lenses to correct their vision, as defined by their answers to ~F2207~"
25;Age_stopped_smoking-2.0;Age_stopped_smoking-2.0;2897.0;2.0;Age stopped smoking;Smoking : age when stopped;Cardiovascular health;Smoking;100058.0;100291.0;"ACE touchscreen question ""How old were you when you last smoked on most days?""<p>The following checks were performed:<ul><li>If answer < 5 then rejected</li><li>If answer > Participants age then rejected</li><li>If answer < 12 then participant asked to confirm</li></ul><p>~F2897~ was collected from participants who indicated that in the past they smoked tobacco on most or all days, as defined by their answers to ~F1249~"
26;Age_stroke_diagnosed-2.0;Age_stroke_diagnosed-2.0;4056.0;2.0;Age stroke diagnosed;Stroke : diagnostic age;Cardiovascular health;Medical conditions;100044.0;100291.0;"ACE touchscreen question ""What was your age when the stroke was first diagnosed?""<p>The following checks were performed:<ul><li>If answer < 0 then rejected</li><li>If answer > Participants age then rejected</li><li>If answer < 40 then participant asked to confirm</li><li>If answer > 69 then participant asked to confirm</li></ul><p>If the participant activated the Help button they were shown the message:<br><table><tr><td><i>If you are unsure, please provide an estimate or select Do not know.<br></i></td></tr></table><p>~F4056~ was collected from participants who indicated they were told by a doctor that they have had a stroke, as defined by their answers to ~F6150~"
27;Age_tuberculosis_diagnosed_by_doctor-0.0;Age_tuberculosis_diagnosed_by_doctor-0.0;22157.0;0.0;Age tuberculosis diagnosed by doctor;Tuberculosis : diagnostic age;Body injuries and illnesses;Medical information;132.0;0.0;User was asked the age at which doctor diagnosed tuberculosis
28;Age_when_diabetes-related_eye_disease_diagnosed-2.0;Age_when_diabetes-related_eye_disease_diagnosed-2.0;5901.0;2.0;Age when diabetes-related eye disease diagnosed;diabetes-related eye disease : diagnostic age;Diabetes;Eyesight;100041.0;100291.0;"ACE touchscreen question ""What was your age when diabetes related eye disease was first diagnosed?""<p>The following checks were performed:<ul><li>If answer < 0 then rejected</li><li>If answer > Participants age then rejected</li><li>If answer < 40 then participant asked to confirm</li><li>If answer > 69 then participant asked to confirm</li></ul><p>If the participant activated the Help button they were shown the message:<br><table><tr><td><i>If you are unsure, please provide an estimate or select Do not know.<br></i></td></tr></table><p>~F5901~ was collected from participants who indicated they have diabetes related eye disease, as defined by their answers to ~F6148~"
29;Age_when_first_had_unusual_or_psychotic_experience-0.0;Age_when_first_had_unusual_or_psychotic_experience-0.0;20461.0;0.0;Age when first had unusual or psychotic experience;Unusual or psychotic experience : diagnostic age;Mental health and socio-affective factors;Unusual and psychotic experiences;144.0;530.0;"Question asked: ""How old were you (approximately) when you first had one of these experiences (seeing a vision, hearing a voice, or believing that something strange was trying to communicate with you, or there was a plot against you)?"" <p>Question was asked when ~F20471~ was Yes or ~F20463~ was Yes or ~F20474~ was Yes or ~F20468~ was Yes."
30;Age_when_last_took_cannabis-0.0;Age_when_last_took_cannabis-0.0;20455.0;0.0;Age when last took cannabis;Cannabis : age when last took;Mental health and socio-affective factors;Cannabis use;143.0;0.0;"Question asked: ""About how old were you when you last had cannabis?"" <p>Question was asked unless the answer to ~F20453~ was No."
31;Age_when_loss_of_vision_due_to_injury_or_trauma_diagnosed-2.0;Age_when_loss_of_vision_due_to_injury_or_trauma_diagnosed-2.0;5430.0;2.0;Age when loss of vision due to injury or trauma diagnosed;Loss of vision due to injury or trauma: diagnostic age;Eye/Vision impairment;Eyesight;100041.0;100291.0;"ACE touchscreen question ""What was your age when injury or trauma resulting in loss of vision was first diagnosed?""<p>The following checks were performed:<ul><li>If answer < 0 then rejected</li><li>If answer > Participants age then rejected</li><li>If answer < 40 then participant asked to confirm</li><li>If answer > 69 then participant asked to confirm</li></ul><p>If the participant activated the Help button they were shown the message:<br><table><tr><td><i>If you are unsure, please provide an estimate or select Do not know.<br></i></td></tr></table><p>~F5430~ was collected from participants who indicated they have had an injury or trauma resulting in loss of vision, as defined by their answers to ~F6148~"
32;Age2;Age2;-1.0;-1.0;Age2;Square of age;Not a feature;;-1.0;-1.0;Square of Age when attended assessment centre field id  21003
33;Alcohol_intake_frequency.-0.0;Alcohol_intake_frequency.-0.0;1558.0;0.0;Alcohol intake frequency.;Alcohol intake frequency;Diet and alcohol;Alcohol;100051.0;100402.0;"ACE touchscreen question ""About how often do you drink alcohol?""<p>If the participant activated the Help button they were shown the message:<br><table><tr><td><i>If this varies a lot, please provide an average considering your intake<br>over the last year<br></i></td></tr></table>"
34;Arm_fat_mass_(left)-0.0;Arm_fat_mass_left-0.0;23124.0;0.0;Arm fat mass (left);Arm fat mass (left);Body composition and body morphology;Body composition by impedance;100009.0;0.0;Body composition estimation by impedance measurement. Left arm fat mass.<p>Left arm fat mass in Kg, 0.1 increments.
35;Arm_fat_mass_(right)-0.0;Arm_fat_mass_right-0.0;23120.0;0.0;Arm fat mass (right);Arm fat mass (right);Body composition and body morphology;Body composition by impedance;100009.0;0.0;Body composition estimation by impedance measurement. Right arm fat mass.<p>Right arm fat mass in Kg, 0.1 increments.
36;Arm_fat_percentage_(left)-0.0;Arm_fat_percentage_left-0.0;23123.0;0.0;Arm fat percentage (left);Arm fat percentage (left);Body composition and body morphology;Body composition by impedance;100009.0;0.0;Body composition estimation by impedance measurement. Left arm fat percentage<p>Range 1-75% in 0.1% increments.
37;Arm_fat_percentage_(right)-0.0;Arm_fat_percentage_right-0.0;23119.0;0.0;Arm fat percentage (right);Arm fat percentage (right);Body composition and body morphology;Body composition by impedance;100009.0;0.0;Body composition estimation by impedance measurement. Right arm fat percentage<p>Range 1-75% in 0.1% increments.
38;Arm_fat-free_mass_(left)-0.0;Arm_fat-free_mass_left-0.0;23125.0;0.0;Arm fat-free mass (left);Arm fat-free mass (left);Body composition and body morphology;Body composition by impedance;100009.0;0.0;Body composition estimation by impedance measurement. Left arm fat free mass<p>Left arm fat free mass in Kg, 0.1 increments.
39;Arm_fat-free_mass_(right)-0.0;Arm_fat-free_mass_right-0.0;23121.0;0.0;Arm fat-free mass (right);Arm fat-free mass (right);Body composition and body morphology;Body composition by impedance;100009.0;0.0;Body composition estimation by impedance measurement. Right arm fat free mass<p>Right arm fat free mass in Kg, 0.1 increments.
40;Arm_predicted_mass_(left)-0.0;Arm_predicted_mass_left-0.0;23126.0;0.0;Arm predicted mass (left);Arm predicted mass (left);Body composition and body morphology;Body composition by impedance;100009.0;0.0;Body composition estimation by impedance measurement. Left arm predicted mass.<p>in Kg, 0.1 increments.
41;Arm_predicted_mass_(right)-0.0;Arm_predicted_mass_right-0.0;23122.0;0.0;Arm predicted mass (right);Arm predicted mass (right);Body composition and body morphology;Body composition by impedance;100009.0;0.0;Body composition estimation by impedance measurement. Right Arm predicted mass<p>in Kg, 0.1 increments.
42;Avoided_activities_or_situations_because_of_previous_stressful_experience_in_past_month-0.0;Avoided_activities_or_situations_because_of_previous_stressful_experience_in_past_month-0.0;20495.0;0.0;Avoided activities or situations because of previous stressful experience in past month;Activities Avoided Due to Recent Stress;Mental health and socio-affective factors;Traumatic events;145.0;534.0;"Question asked: ""Next is a list of problems and complaints that people sometimes have in response to such extremely stressful experiences. Please indicate how much you have been bothered by that problem in the past month: Avoiding activities or situations because they reminded you of a stressful experience?"""
43;BAG;BAG;-1.0;-1.0;BAG;Brain Age Gap;Not a feature;;-1.0;-1.0;Brain (Predicted) Age Gap
44;Basal_metabolic_rate-0.0;Basal_metabolic_rate-0.0;23105.0;0.0;Basal metabolic rate;Basal metabolic rate;Body composition and body morphology;Body composition by impedance;100009.0;0.0;Body composition estimation by impedance measurement. Basal metabolic rate<p>Return value in Kilo- Joules.
45;Beef_intake-0.0;Beef_intake-0.0;1369.0;0.0;Beef intake;Beef intake;Diet and alcohol;Diet;100052.0;100377.0;"ACE touchscreen question ""How often do you eat beef? (Do not count processed meats)""<p>If the participant activated the Help button they were shown the message:<br><table><tr><td><i>Please provide an average considering your intake over the last year<br>If you are unsure, please provide an estimate or select Do not know.<br></i></td></tr></table>"
46;Been_in_a_confiding_relationship_as_an_adult-0.0;Been_in_a_confiding_relationship_as_an_adult-0.0;20522.0;0.0;Been in a confiding relationship as an adult;Confiding Relationships in Adulthood;Mental health and socio-affective factors;Traumatic events;145.0;532.0;"Question asked: ""Since I was sixteen... I have been in a confiding relationship"""
47;Been_in_serious_accident_believed_to_be_life-threatening-0.0;Been_in_serious_accident_believed_to_be_life-threatening-0.0;20526.0;0.0;Been in serious accident believed to be life-threatening;Serious Life-Threatening Accident;Mental health and socio-affective factors;Traumatic events;145.0;533.0;"Question asked: ""In your life, have you...? Been in a serious accident that you believed to be life-threatening at the time"""
48;Been_involved_in_combat_or_exposed_to_war-zone-0.0;Been_involved_in_combat_or_exposed_to_war-zone-0.0;20527.0;0.0;Been involved in combat or exposed to war-zone;Combat/War-Zone Involvement;Mental health and socio-affective factors;Traumatic events;145.0;533.0;"Question asked: ""In your life, have you...? Been involved in combat or exposed to a war-zone (either in the military or as a civilian)"""
49;Belief_that_own_life_is_meaningful-0.0;Belief_that_own_life_is_meaningful-0.0;20460.0;0.0;Belief that own life is meaningful;Belief that own life is meaningful;Mental health and socio-affective factors;Happiness and subjective well-being;147.0;538.0;"Question asked: ""To what extent do you feel your life to be meaningful?"""
50;Belittlement_by_partner_or_ex-partner_as_an_adult-0.0;Belittlement_by_partner_or_ex-partner_as_an_adult-0.0;20521.0;0.0;Belittlement by partner or ex-partner as an adult;Belittlement by partner or ex-partner as an adult;Mental health and socio-affective factors;Traumatic events;145.0;532.0;"Question asked: ""Since I was sixteen... A partner or ex-partner repeatedly belittled me to the extent that I felt worthless"""
51;Birth_weight-0.0;Birth_weight-0.0;20022.0;0.0;Birth weight;Birth weight;Early life factors;Early life factors;100072.0;0.0;Participants were asked to enter their own birth-weight. <p>The weight could be entered either in Kg or in Imperial pounds+ounces. Values entered as Imperial units are held in ~F121~ and ~F122~, and their values have been converted into Kg and incorporated into this field. <br><br>This question was dropped from the touchscreen protocol on 24/10/2016.
52;Blood_clot,_DVT,_bronchitis,_emphysema,_asthma,_rhinitis,_eczema,_allergy_diagnosed_by_doctor-0.0;Blood_clot_DVT_bronchitis_emphysema_asthma_rhinitis_eczema_allergy_diagnosed_by_doctor-0.0;6152.0;0.0;Blood clot, DVT, bronchitis, emphysema, asthma, rhinitis, eczema, allergy diagnosed by doctor;Blood Clot, DVT, and Respiratory Conditions;Cardiovascular health;Medical conditions;100044.0;100610.0;"ACE touchscreen question ""Has a doctor ever told you that you have had any of the following conditions? (You can select more than one answer)""<p>The following checks were performed:<ul><li>If code -7 was selected, then no additional choices were allowed.</li><li>If code -3 was selected, then no additional choices were allowed.</li></ul><p>If the participant activated the Help button they were shown the message:<br><table><tr><td><i>If you do not know if you have had any of the listed<br>conditions, enter None of the above. You can check this<br>with an interviewer later in the visit.<br></i></td></tr></table>"
53;Body_fat_percentage-0.0;Body_fat_percentage-0.0;23099.0;0.0;Body fat percentage;Body fat percentage;Body composition and body morphology;Body composition by impedance;100009.0;0.0;Body composition estimation by impedance measurement. Body fat percentage<p>Body fat percentage. Range 1% - 75% in 0.1% increments.
54;Body_mass_index_(BMI)-0.0;Body_mass_index_BMI-0.0;21001.0;0.0;Body mass index (BMI);Body mass index (BMI);Body composition and body morphology;Body size measures;100010.0;0.0;BMI value here is constructed from height and weight measured during the initial Assessment Centre visit. Value is not present if either of these readings were omitted.
55;Bread_intake-2.0;Bread_intake-2.0;1438.0;2.0;Bread intake;Bread intake;Diet and alcohol;Diet;100052.0;100373.0;"ACE touchscreen question ""How many slices of bread do you eat each WEEK?""<p>The following checks were performed:<ul><li>If answer < 0 then rejected</li><li>If answer > 250 then rejected</li><li>If answer > 50 then participant asked to confirm</li></ul><p>If the participant activated the Help button they were shown the message:<br><table><tr><td><i>For other types of bread:<br> - one bread roll = 2 slices<br> - one pitta bread = 2 slices<br><br></i></td></tr></table>"
56;Bread_type-0.0;Bread_type-0.0;1448.0;0.0;Bread type;Bread type;Diet and alcohol;Diet;100052.0;100391.0;"ACE touchscreen question ""What type of bread do you mainly eat?""<p>If the participant activated the Help button they were shown the message:<br><table><tr><td><i>If you eat more than one type of bread, please select the one<br>that you eat the most.<br>If you are unsure, select Do not know.<br></i></td></tr></table><p>~F1448~ was collected from all participants except those who indicated that they do not eat bread or less than one slice each week, as defined by their answers to ~F1438~"
57;Cancer_diagnosed_by_doctor-0.0;Cancer_diagnosed_by_doctor-0.0;2453.0;0.0;Cancer diagnosed by doctor;Cancer : diagnosis;Body injuries and illnesses;Medical conditions;100044.0;100603.0;"ACE touchscreen question ""Has a doctor ever told you that you have had cancer?""<p>If the participant activated the Help button they were shown the message:<br><table><tr><td><i>If you are unsure if you have been told you had cancer, select<br>Do not know and you will be asked about this by an interviewer<br>later during this visit.<br></i></td></tr></table>"
58;Cereal_intake-0.0;Cereal_intake-0.0;1458.0;0.0;Cereal intake;Cereal intake;Diet and alcohol;Diet;100052.0;100373.0;"ACE touchscreen question ""How many bowls of cereal do you eat a WEEK?""<p>The following checks were performed:<ul><li>If answer < 0 then rejected</li><li>If answer > 99 then rejected</li><li>If answer > 14 then participant asked to confirm</li></ul><p>If the participant activated the Help button they were shown the message:<br><table><tr><td><i>Please provide an average considering your intake over the last year.<br>If you are unsure, please provide an estimate or select Do not know.<br></i></td></tr></table>"
59;Cheese_intake-0.0;Cheese_intake-0.0;1408.0;0.0;Cheese intake;Cheese intake;Diet and alcohol;Diet;100052.0;100377.0;"ACE touchscreen question ""How often do you eat cheese? (Include cheese in pizzas, quiches, cheese sauce etc)""<p>If the participant activated the Help button they were shown the message:<br><table><tr><td><i>Please provide an average considering your intake over the last year<br>If you are unsure, please provide an estimate or select Do not know.<br></i></td></tr></table><p>~F1408~ was collected from all participants except those who indicated that they never eat dairy products, as defined by their answers to ~F6144~"
60;Chest_pain_or_discomfort-0.0;Chest_pain_or_discomfort-0.0;2335.0;0.0;Chest pain or discomfort;Chest pain or discomfort;Body injuries and illnesses;Chest pain;100039.0;100349.0;"ACE touchscreen question ""Do you ever have any pain or discomfort in your chest?"""
61;Coffee_intake-0.0;Coffee_intake-0.0;1498.0;0.0;Coffee intake;Coffee intake;Diet and alcohol;Diet;100052.0;100373.0;"ACE touchscreen question ""How many cups of coffee do you drink each DAY? (Include decaffeinated coffee)""<p>The following checks were performed:<ul><li>If answer < 0 then rejected</li><li>If answer > 99 then rejected</li><li>If answer > 10 then participant asked to confirm</li></ul><p>If the participant activated the Help button they were shown the message:<br><table><tr><td><i>Please provide an average considering your intake over the last year.<br>If you are unsure, please provide an estimate or select Do not know.<br></i></td></tr></table>"
62;Comparative_body_size_at_age_10-0.0;Comparative_body_size_at_age_10-0.0;1687.0;0.0;Comparative body size at age 10;Comparative body size at age 10;Early life factors;Early life factors;100033.0;100428.0;"ACE touchscreen question ""When you were 10 years old, compared to average would you describe yourself as:"" <br><br>This question was dropped from the touchscreen protocol on 24/10/2016."
63;Comparative_height_size_at_age_10-0.0;Comparative_height_size_at_age_10-0.0;1697.0;0.0;Comparative height size at age 10;Comparative height size at age 10;Early life factors;Early life factors;100033.0;100429.0;"ACE touchscreen question ""When you were 10 years old, compared to average would you describe yourself as:"" <br><br>This question was dropped from the touchscreen protocol on 24/10/2016."
64;Cooked_vegetable_intake-0.0;Cooked_vegetable_intake-0.0;1289.0;0.0;Cooked vegetable intake;Cooked vegetable intake;Diet and alcohol;Diet;100052.0;100373.0;"ACE touchscreen question ""On average how many heaped tablespoons of COOKED vegetables would you eat per DAY? (Do not include potatoes; put '0' if you do not eat any)""<p>The following checks were performed:<ul><li>If answer > 50 then rejected</li></ul><p>If the participant activated the Help button they were shown the message:<br><table><tr><td><i>Please provide an average considering your intake over the last year.<br>If you are unsure, please provide an estimate or select Do not know.<br>If you have less than one tablespoon a day select Less than one.<br></i></td></tr></table>"
65;Corrected_BAG;Corrected_BAG;-1.0;-1.0;Corrected BAG;Corrected Brain Age Gap;Not a feature;;-1.0;-1.0;Corrected Brain (Predicted) Age Gap
66;Corrected_Predicted_Age;Corrected_Predicted_Age;-1.0;-1.0;Corrected Predicted Age;Corrected Predicted Age;Not a feature;;-1.0;-1.0;Corrected Predicted brain age
67;Diabetes_diagnosed_by_doctor-0.0;Diabetes_diagnosed_by_doctor-0.0;2443.0;0.0;Diabetes diagnosed by doctor;Diabetes : diagnosis;Diabetes;Medical conditions;100044.0;100349.0;"ACE touchscreen question ""Has a doctor ever told you that you have diabetes?""<p>If the participant activated the Help button they were shown the message:<br><table><tr><td><i>If you are unsure if you have been told you had diabetes,<br>select Do not know and you will be asked about this by an<br>interviewer later during this visit.<br></i></td></tr></table>"
68;Diagnosed_with_life-threatening_illness-0.0;Diagnosed_with_life-threatening_illness-0.0;20528.0;0.0;Diagnosed with life-threatening illness;Life-threatening illness;Body injuries and illnesses;Traumatic events;145.0;533.0;"Question asked: ""In your life, have you...? Been diagnosed with a life-threatening illness"""
69;Diastolic_blood_pressure,_automated_reading-0.0;Diastolic_blood_pressure_automated_reading-0.0;4079.0;0.0;Diastolic blood pressure, automated reading;Diastolic blood pressure, automated reading;Cardiovascular health;Blood pressure;100011.0;0.0;Blood pressure, automated reading, diastolic. Two measures of blood pressure were taken a few moments apart. <p>Range returned by the Omron device is is 0-255
70;Dried_fruit_intake-0.0;Dried_fruit_intake-0.0;1319.0;0.0;Dried fruit intake;Dried fruit intake;Diet and alcohol;Diet;100052.0;100373.0;"ACE touchscreen question ""About how many pieces of DRIED fruit would you eat per DAY? (Count one prune, one dried apricot, 10 raisins as one piece; put '0' if you do not eat any)""<p>The following checks were performed:<ul><li>If answer > 100 then rejected</li></ul><p>If the participant activated the Help button they were shown the message:<br><table><tr><td><i>Please provide an average considering your intake over the last year.<br>If you are unsure, please provide an estimate or select Do not know.<br></i></td></tr></table>"
71;Duration_Age_COPD_(Chronic_Obstructive_Pulmonary_Disease)_diagnosed_by_doctor-0.0;Duration_Age_COPD_Chronic_Obstructive_Pulmonary_Disease_diagnosed_by_doctor-0.0;22150.0;0.0;Duration Age COPD (Chronic Obstructive Pulmonary Disease) diagnosed by doctor;Chronic Obstructive Pulmonary Disease : diagnostic duration;Body injuries and illnesses;Medical information;132.0;0.0;User was asked the age at which doctor diagnosed COPD (Chronic Obstructive Pulmonary Disease)
72;Duration_Age_Smoking;Duration_Age_Smoking;-1.0;-1.0;Duration Age Smoking;Smoking : duration;Cardiovascular health;Smoking;100058.0;100291.0;derivative of these field ids: 3436, 2867,2897 and 6194
73;Duration_Age_angina_diagnosed-2.0;Duration_Age_angina_diagnosed-2.0;3627.0;2.0;Duration Age angina diagnosed;Angina : diagnostic duration;Cardiovascular health;Medical conditions;100044.0;100291.0;"ACE touchscreen question ""What was your age when the angina was first diagnosed?""<p>The following checks were performed:<ul><li>If answer < 0 then rejected</li><li>If answer > Participants age then rejected</li><li>If answer < 40 then participant asked to confirm</li><li>If answer > 69 then participant asked to confirm</li></ul><p>If the participant activated the Help button they were shown the message:<br><table><tr><td><i>If you are unsure, please provide an estimate or select Do not know.<br></i></td></tr></table><p>~F3627~ was collected from participants who indicated they were told by a doctor that they have had an angina, as defined by their answers to ~F6150~"
74;Duration_Age_asthma_diagnosed-2.0;Duration_Age_asthma_diagnosed-2.0;3786.0;2.0;Duration Age asthma diagnosed;Asthma : diagnostic duration;Body injuries and illnesses;Medical conditions;100044.0;100291.0;"ACE touchscreen question ""What was your age when the asthma was first diagnosed?""<p>The following checks were performed:<ul><li>If answer < 0 then rejected</li><li>If answer > Participants age then rejected</li><li>If answer < 10 then participant asked to confirm</li><li>If answer > 69 then participant asked to confirm</li></ul><p>If the participant activated the Help button they were shown the message:<br><table><tr><td><i>If you are unsure, please provide an estimate or select Do not know.<br></i></td></tr></table><p>~F3786~ was collected from participants who indicated they were told by a doctor that they have had asthma, as defined by their answers to ~F6152~"
75;Duration_Age_asthma_diagnosed_by_doctor-0.0;Duration_Age_asthma_diagnosed_by_doctor-0.0;22147.0;0.0;Duration Age asthma diagnosed by doctor;Asthma : diagnostic (by doctor) duration;Body injuries and illnesses;Medical information;132.0;0.0;User was asked the age at which doctor diagnosed asthma
76;Duration_Age_at_first_episode_of_depression-0.0;Duration_Age_at_first_episode_of_depression-0.0;20433.0;0.0;Duration Age at first episode of depression;Depression : duration from first episode;Mental health and socio-affective factors;Depression;138.0;513.0;"Question asked: ""About how old were you the FIRST time you had a period of two weeks like this? (Whether or not you received any help for it.)"" <p>Question was asked when ~F20446~ was Yes or ~F20441~ was Yes."
77;Duration_Age_at_last_episode_of_depression-0.0;Duration_Age_at_last_episode_of_depression-0.0;20434.0;0.0;Duration Age at last episode of depression;Depression : duration from last episode;Mental health and socio-affective factors;Depression;138.0;513.0;"Question asked: ""About how old were you the LAST time you had a period of two weeks like this? (Whether or not you received any help for it.)"" <p>Question was asked when ~F20446~ was Yes or ~F20441~ was Yes."
78;Duration_Age_cataract_diagnosed-2.0;Duration_Age_cataract_diagnosed-2.0;4700.0;2.0;Duration Age cataract diagnosed;Cataract : diagnostic duration;Eye/Vision impairment;Eyesight;100041.0;100291.0;"ACE touchscreen question ""What was your age when a cataract was first diagnosed?""<p>The following checks were performed:<ul><li>If answer < 0 then rejected</li><li>If answer > Participants age then rejected</li><li>If answer < 40 then participant asked to confirm</li><li>If answer > 69 then participant asked to confirm</li></ul><p>If the participant activated the Help button they were shown the message:<br><table><tr><td><i>If you are unsure, please provide an estimate or select Do not know.<br></i></td></tr></table><p>~F4700~ was collected from participants who indicated they have cataract, as defined by their answers to ~F6148~"
79;Duration_Age_chronic_bronchitis_diagnosed_by_doctor-0.0;Duration_Age_chronic_bronchitis_diagnosed_by_doctor-0.0;22149.0;0.0;Duration Age chronic bronchitis diagnosed by doctor;Chronic bronchitis : diagnostic duration;Body injuries and illnesses;Medical information;132.0;0.0;User was asked the age at which doctor diagnosed chronic bronchitis
80;Duration_Age_diabetes_diagnosed-2.0;Duration_Age_diabetes_diagnosed-2.0;2976.0;2.0;Duration Age diabetes diagnosed;Diabetes disease : diagnostic duration;Diabetes;Medical conditions;100044.0;100291.0;"ACE touchscreen question ""What was your age when the diabetes was first diagnosed?""<p>The following checks were performed:<ul><li>If answer < 0 then rejected</li><li>If answer > Participants age then rejected</li><li>If answer < 10 then participant asked to confirm</li><li>If answer > 69 then participant asked to confirm</li></ul><p>If the participant activated the Help button they were shown the message:<br><table><tr><td><i>If you are unsure, please provide an estimate or select Do not know.<br></i></td></tr></table><p>~F2976~ was collected from men who indicated that a doctor had told them they have diabetes, as defined by their answers to ~F2443~ and all women except those who indicated they had diabetes only during pregnancy, as defined by their answers to ~F2443~"
81;Duration_Age_emphysema_diagnosed_by_doctor-0.0;Duration_Age_emphysema_diagnosed_by_doctor-0.0;22148.0;0.0;Duration Age emphysema diagnosed by doctor;Emphysema : diagnostic duration;Body injuries and illnesses;Medical information;132.0;0.0;User was asked the age at which doctor diagnosed emphysema
82;Duration_Age_emphysema/chronic_bronchitis_diagnosed-2.0;Duration_Age_emphysemachronic_bronchitis_diagnosed-2.0;3992.0;2.0;Duration Age emphysema/chronic bronchitis diagnosed;Emphysema/Chronic bronchitis : diagnostic duration;Body injuries and illnesses;Medical conditions;100044.0;100291.0;"ACE touchscreen question ""What was your age when the emphysema/chronic bronchitis was first diagnosed?""<p>The following checks were performed:<ul><li>If answer < 0 then rejected</li><li>If answer > Participants age then rejected</li><li>If answer < 40 then participant asked to confirm</li><li>If answer > 69 then participant asked to confirm</li></ul><p>If the participant activated the Help button they were shown the message:<br><table><tr><td><i>If you are unsure, please provide an estimate or select Do not know.<br></i></td></tr></table><p>~F3992~ was collected from participants who indicated they were told by a doctor that they have had emphysema or chronic bronchitis, as defined by their answers to ~F6152~"
83;Duration_Age_glaucoma_diagnosed-2.0;Duration_Age_glaucoma_diagnosed-2.0;4689.0;2.0;Duration Age glaucoma diagnosed;Glaucoma : diagnostic duration;Eye/Vision impairment;Eyesight;100041.0;100291.0;"ACE touchscreen question ""What was your age when glaucoma was first diagnosed?""<p>The following checks were performed:<ul><li>If answer < 0 then rejected</li><li>If answer > Participants age then rejected</li><li>If answer < 40 then participant asked to confirm</li><li>If answer > 69 then participant asked to confirm</li></ul><p>If the participant activated the Help button they were shown the message:<br><table><tr><td><i>If you are unsure, please provide an estimate or select Do not know.<br></i></td></tr></table><p>~F4689~ was collected from participants who indicated they have glaucoma, as defined by their answers to ~F6148~"
84;Duration_Age_hay_fever,_rhinitis_or_eczema_diagnosed-2.0;Duration_Age_hay_fever_rhinitis_or_eczema_diagnosed-2.0;3761.0;2.0;Duration Age hay fever, rhinitis or eczema diagnosed;Hay fever, rhinitis or eczema : diagnostic duration;Body injuries and illnesses;Medical conditions;100044.0;100291.0;"ACE touchscreen question ""What was your age when the hayfever, rhinitis or eczema was first diagnosed?""<p>The following checks were performed:<ul><li>If answer < 0 then rejected</li><li>If answer > Participants age then rejected</li><li>If answer < 10 then participant asked to confirm</li><li>If answer > 69 then participant asked to confirm</li></ul><p>If the participant activated the Help button they were shown the message:<br><table><tr><td><i>If you are unsure, please provide an estimate or select Do not know.<br></i></td></tr></table><p>~F3761~ was collected from participants who indicated they were told by a doctor that they have had hayfever, allergic rhinitis or eczema, as defined by their answers to ~F6152~"
85;Duration_Age_hayfever_or_allergic_rhinitis_diagnosed_by_doctor-0.0;Duration_Age_hayfever_or_allergic_rhinitis_diagnosed_by_doctor-0.0;22146.0;0.0;Duration Age hayfever or allergic rhinitis diagnosed by doctor;Hayfever or allergic rhinitis : diagnostic duration;Body injuries and illnesses;Medical information;132.0;0.0;User was asked the age at which doctor diagnosed hayfever or allergic rhinitis
86;Duration_Age_heart_attack_diagnosed-2.0;Duration_Age_heart_attack_diagnosed-2.0;3894.0;2.0;Duration Age heart attack diagnosed;Heart attack : diagnostic duration;Cardiovascular health;Medical conditions;100044.0;100291.0;"ACE touchscreen question ""What was your age when the heart attack was first diagnosed?""<p>The following checks were performed:<ul><li>If answer < 0 then rejected</li><li>If answer > Participants age then rejected</li><li>If answer < 40 then participant asked to confirm</li><li>If answer > 69 then participant asked to confirm</li></ul><p>If the participant activated the Help button they were shown the message:<br><table><tr><td><i>If you are unsure, please provide an estimate or select Do not know.<br></i></td></tr></table><p>~F3894~ was collected from participants who indicated they were told by a doctor that they have had a heart attack, as defined by their answers to ~F6150~"
87;Duration_Age_high_blood_pressure_diagnosed-2.0;Duration_Age_high_blood_pressure_diagnosed-2.0;2966.0;2.0;Duration Age high blood pressure diagnosed;High blood pressure : diagnostic duration;Cardiovascular health;Medical conditions;100044.0;100291.0;"ACE touchscreen question ""What was your age when the high blood pressure was first diagnosed?""<p>The following checks were performed:<ul><li>If answer < 0 then rejected</li><li>If answer > Participants age then rejected</li><li>If answer < 40 then participant asked to confirm</li><li>If answer > 69 then participant asked to confirm</li></ul><p>If the participant activated the Help button they were shown the message:<br><table><tr><td><i>If you are unsure, please provide an estimate or select Do not know.<br></i></td></tr></table><p>~F2966~ was collected from participants who indicated they were told by a doctor that they have had high blood pressure, as defined by their answers to ~F6150~"
88;Duration_Age_lung_cancer_(not_mesothelioma)_diagnosed_by_doctor-0.0;Duration_Age_lung_cancer_not_mesothelioma_diagnosed_by_doctor-0.0;22160.0;0.0;Duration Age lung cancer (not mesothelioma) diagnosed by doctor;Lung cancer (not mesothelioma) : diagnostic duration;Body injuries and illnesses;Medical information;132.0;0.0;User was asked the age at which doctor diagnosed lung cancer (not mesothelioma)
89;Duration_Age_macular_degeneration_diagnosed-2.0;Duration_Age_macular_degeneration_diagnosed-2.0;5923.0;2.0;Duration Age macular degeneration diagnosed;Macular degeneration : diagnostic duration;Eye/Vision impairment;Eyesight;100041.0;100291.0;"ACE touchscreen question ""What was your age when macular degeneration was first diagnosed?""<p>The following checks were performed:<ul><li>If answer < 0 then rejected</li><li>If answer > Participants age then rejected</li><li>If answer < 40 then participant asked to confirm</li><li>If answer > 69 then participant asked to confirm</li></ul><p>If the participant activated the Help button they were shown the message:<br><table><tr><td><i>If you are unsure, please provide an estimate or select Do not know.<br></i></td></tr></table><p>~F5923~ was collected from participants who indicated they have macular degeneration, as defined by their answers to ~F6148~"
90;Duration_Age_pulmonary_embolism_(blood_clot_in_lung)_diagnosed-2.0;Duration_Age_pulmonary_embolism_blood_clot_in_lung_diagnosed-2.0;4022.0;2.0;Duration Age pulmonary embolism (blood clot in lung) diagnosed;Pulmonary embolism (blood clot in lung) : diagnostic duration;Cardiovascular health;Medical conditions;100044.0;100291.0;"ACE touchscreen question ""What was your age when the blood clot in the lung was first diagnosed?""<p>The following checks were performed:<ul><li>If answer < 0 then rejected</li><li>If answer > Participants age then rejected</li><li>If answer < 40 then participant asked to confirm</li><li>If answer > 69 then participant asked to confirm</li></ul><p>If the participant activated the Help button they were shown the message:<br><table><tr><td><i>If you are unsure, please provide an estimate or select Do not know.<br></i></td></tr></table><p>~F4022~ was collected from participants who indicated they were told by a doctor that they have had a blood clot in the lung , as defined by their answers to ~F6152~"
91;Duration_Age_sarcoidosis_diagnosed_by_doctor-0.0;Duration_Age_sarcoidosis_diagnosed_by_doctor-0.0;22153.0;0.0;Duration Age sarcoidosis diagnosed by doctor;Sarcoidosis : diagnostic duration;Body injuries and illnesses;Medical information;132.0;0.0;User was asked the age at which doctor diagnosed sarcoidosis
92;Duration_Age_started_wearing_glasses_or_contact_lenses-2.0;Duration_Age_started_wearing_glasses_or_contact_lenses-2.0;2217.0;2.0;Duration Age started wearing glasses or contact lenses;Wearing glasses or lenses : duration from when started;Eye/Vision impairment;Eyesight;100041.0;100291.0;"ACE touchscreen question ""What age did you first start to wear glasses or contact lenses?""<p>The following checks were performed:<ul><li>If answer < 1 then rejected</li><li>If answer > Participants age then rejected</li><li>If answer < 4 then participant asked to confirm</li></ul><p>If the participant activated the Help button they were shown the message:<br><table><tr><td><i>If you are unsure, please provide an estimate or select Do not know.<br></i></td></tr></table><p>~F2217~ was collected from participants who indicated they wear glasses or contact lenses to correct their vision, as defined by their answers to ~F2207~"
93;Duration_Age_stroke_diagnosed-2.0;Duration_Age_stroke_diagnosed-2.0;4056.0;2.0;Duration Age stroke diagnosed;Stroke : diagnostic duration;Cardiovascular health;Medical conditions;100044.0;100291.0;"ACE touchscreen question ""What was your age when the stroke was first diagnosed?""<p>The following checks were performed:<ul><li>If answer < 0 then rejected</li><li>If answer > Participants age then rejected</li><li>If answer < 40 then participant asked to confirm</li><li>If answer > 69 then participant asked to confirm</li></ul><p>If the participant activated the Help button they were shown the message:<br><table><tr><td><i>If you are unsure, please provide an estimate or select Do not know.<br></i></td></tr></table><p>~F4056~ was collected from participants who indicated they were told by a doctor that they have had a stroke, as defined by their answers to ~F6150~"
94;Duration_Age_tuberculosis_diagnosed_by_doctor-0.0;Duration_Age_tuberculosis_diagnosed_by_doctor-0.0;22157.0;0.0;Duration Age tuberculosis diagnosed by doctor;Tuberculosis : diagnostic duration;Body injuries and illnesses;Medical information;132.0;0.0;User was asked the age at which doctor diagnosed tuberculosis
95;Duration_Age_when_diabetes-related_eye_disease_diagnosed-2.0;Duration_Age_when_diabetes-related_eye_disease_diagnosed-2.0;5901.0;2.0;Duration Age when diabetes-related eye disease diagnosed;Diabetes-related eye disease : diagnostic duration;Diabetes;Eyesight;100041.0;100291.0;"ACE touchscreen question ""What was your age when diabetes related eye disease was first diagnosed?""<p>The following checks were performed:<ul><li>If answer < 0 then rejected</li><li>If answer > Participants age then rejected</li><li>If answer < 40 then participant asked to confirm</li><li>If answer > 69 then participant asked to confirm</li></ul><p>If the participant activated the Help button they were shown the message:<br><table><tr><td><i>If you are unsure, please provide an estimate or select Do not know.<br></i></td></tr></table><p>~F5901~ was collected from participants who indicated they have diabetes related eye disease, as defined by their answers to ~F6148~"
96;Duration_Age_when_first_had_unusual_or_psychotic_experience-0.0;Duration_Age_when_first_had_unusual_or_psychotic_experience-0.0;20461.0;0.0;Duration Age when first had unusual or psychotic experience;Unusual or psychotic experience : diagnostic duration;Mental health and socio-affective factors;Unusual and psychotic experiences;144.0;530.0;"Question asked: ""How old were you (approximately) when you first had one of these experiences (seeing a vision, hearing a voice, or believing that something strange was trying to communicate with you, or there was a plot against you)?"" <p>Question was asked when ~F20471~ was Yes or ~F20463~ was Yes or ~F20474~ was Yes or ~F20468~ was Yes."
97;Duration_Age_when_last_took_cannabis-0.0;Duration_Age_when_last_took_cannabis-0.0;20455.0;0.0;Duration Age when last took cannabis;Cannabis : duration from when last took;Mental health and socio-affective factors;Cannabis use;143.0;0.0;"Question asked: ""About how old were you when you last had cannabis?"" <p>Question was asked unless the answer to ~F20453~ was No."
98;Duration_Age_when_loss_of_vision_due_to_injury_or_trauma_diagnosed-2.0;Duration_Age_when_loss_of_vision_due_to_injury_or_trauma_diagnosed-2.0;5430.0;2.0;Duration Age when loss of vision due to injury or trauma diagnosed;Loss of vision due to injury or trauma: diagnostic duration;Eye/Vision impairment;Eyesight;100041.0;100291.0;"ACE touchscreen question ""What was your age when injury or trauma resulting in loss of vision was first diagnosed?""<p>The following checks were performed:<ul><li>If answer < 0 then rejected</li><li>If answer > Participants age then rejected</li><li>If answer < 40 then participant asked to confirm</li><li>If answer > 69 then participant asked to confirm</li></ul><p>If the participant activated the Help button they were shown the message:<br><table><tr><td><i>If you are unsure, please provide an estimate or select Do not know.<br></i></td></tr></table><p>~F5430~ was collected from participants who indicated they have had an injury or trauma resulting in loss of vision, as defined by their answers to ~F6148~"
99;Duration_Interpolated_Age_of_participant_when_cancer_first_diagnosed-2.0;Duration_Interpolated_Age_of_participant_when_cancer_first_diagnosed-2.0;20007.0;2.0;Duration Interpolated Age of participant when cancer first diagnosed;Cancer : diagnostic duration (first time);Body injuries and illnesses;Medical conditions;100074.0;13.0;This is the interpolated time when the participant indicated the corresponding cancer was first diagnosed by a doctor, given as their estimated age. <ul> <li>If the participant gave a calendar year, then the best-fit time is their age at the mid-point of that year. For example if the year was given as 1970, and the participant was born on 1 April 1950, then their age on 1st July 1970 is 20.25</li> then the value presented is 1970.5</li> <li>If the participant gave their age then the value presented is the fractional year corresponding to the mid-point of that age. For example, if the participant said they were 30 years old then the value is 30.5 <li>Interpolated values before the date of birth were truncated forwards to that time.</li> <li>Interpolated values after the time of data acquisition were truncated back to that time.</li> </ul>
100;Duration_Interpolated_Age_of_participant_when_cancer_first_diagnosed-2.1;Duration_Interpolated_Age_of_participant_when_cancer_first_diagnosed-2.1;20007.0;2.1;Duration Interpolated Age of participant when cancer first diagnosed;Cancer : diagnostic duration (second time);Body injuries and illnesses;Medical conditions;100074.0;13.0;This is the interpolated time when the participant indicated the corresponding cancer was first diagnosed by a doctor, given as their estimated age. <ul> <li>If the participant gave a calendar year, then the best-fit time is their age at the mid-point of that year. For example if the year was given as 1970, and the participant was born on 1 April 1950, then their age on 1st July 1970 is 20.25</li> then the value presented is 1970.5</li> <li>If the participant gave their age then the value presented is the fractional year corresponding to the mid-point of that age. For example, if the participant said they were 30 years old then the value is 30.5 <li>Interpolated values before the date of birth were truncated forwards to that time.</li> <li>Interpolated values after the time of data acquisition were truncated back to that time.</li> </ul>
101;Duration_Interpolated_Age_of_participant_when_non-cancer_illness_first_diagnosed-2.0;Duration_Interpolated_Age_of_participant_when_non-cancer_illness_first_diagnosed-2.0;20009.0;2.0;Duration Interpolated Age of participant when non-cancer illness first diagnosed;Non-cancer illness: diagnostic duration (first time);Body injuries and illnesses;Medical conditions;100074.0;13.0;This is the interpolated time when the participant indicated the corresponding condition was first diagnosed by a doctor, given as their estimated age. <ul> <li>If the participant gave a calendar year, then the best-fit time is their age at the mid-point of that year. For example if the year was given as 1970, and the participant was born on 1 April 1950, then their age on 1st July 1970 is 20.25</li> then the value presented is 1970.5</li> <li>If the participant gave their age then the value presented is the fractional year corresponding to the mid-point of that age. For example, if the participant said they were 30 years old then the value is 30.5 <li>Interpolated values before the date of birth were truncated forwards to that time.</li> <li>Interpolated values after the time of data acquisition were truncated back to that time.</li> </ul>
102;Duration_Interpolated_Age_of_participant_when_non-cancer_illness_first_diagnosed-2.1;Duration_Interpolated_Age_of_participant_when_non-cancer_illness_first_diagnosed-2.1;20009.0;2.1;Duration Interpolated Age of participant when non-cancer illness first diagnosed;Non-cancer illness: diagnostic duration (second time);Body injuries and illnesses;Medical conditions;100074.0;13.0;This is the interpolated time when the participant indicated the corresponding condition was first diagnosed by a doctor, given as their estimated age. <ul> <li>If the participant gave a calendar year, then the best-fit time is their age at the mid-point of that year. For example if the year was given as 1970, and the participant was born on 1 April 1950, then their age on 1st July 1970 is 20.25</li> then the value presented is 1970.5</li> <li>If the participant gave their age then the value presented is the fractional year corresponding to the mid-point of that age. For example, if the participant said they were 30 years old then the value is 30.5 <li>Interpolated values before the date of birth were truncated forwards to that time.</li> <li>Interpolated values after the time of data acquisition were truncated back to that time.</li> </ul>
103;Duration_Interpolated_Age_of_participant_when_non-cancer_illness_first_diagnosed-2.2;Duration_Interpolated_Age_of_participant_when_non-cancer_illness_first_diagnosed-2.2;20009.0;2.2;Duration Interpolated Age of participant when non-cancer illness first diagnosed;Non-cancer illness: diagnostic duration (third time);Body injuries and illnesses;Medical conditions;100074.0;13.0;This is the interpolated time when the participant indicated the corresponding condition was first diagnosed by a doctor, given as their estimated age. <ul> <li>If the participant gave a calendar year, then the best-fit time is their age at the mid-point of that year. For example if the year was given as 1970, and the participant was born on 1 April 1950, then their age on 1st July 1970 is 20.25</li> then the value presented is 1970.5</li> <li>If the participant gave their age then the value presented is the fractional year corresponding to the mid-point of that age. For example, if the participant said they were 30 years old then the value is 30.5 <li>Interpolated values before the date of birth were truncated forwards to that time.</li> <li>Interpolated values after the time of data acquisition were truncated back to that time.</li> </ul>
104;Duration_Interpolated_Age_of_participant_when_non-cancer_illness_first_diagnosed-2.3;Duration_Interpolated_Age_of_participant_when_non-cancer_illness_first_diagnosed-2.3;20009.0;2.3;Duration Interpolated Age of participant when non-cancer illness first diagnosed;Non-cancer illness: diagnostic duration (fourth time);Body injuries and illnesses;Medical conditions;100074.0;13.0;This is the interpolated time when the participant indicated the corresponding condition was first diagnosed by a doctor, given as their estimated age. <ul> <li>If the participant gave a calendar year, then the best-fit time is their age at the mid-point of that year. For example if the year was given as 1970, and the participant was born on 1 April 1950, then their age on 1st July 1970 is 20.25</li> then the value presented is 1970.5</li> <li>If the participant gave their age then the value presented is the fractional year corresponding to the mid-point of that age. For example, if the participant said they were 30 years old then the value is 30.5 <li>Interpolated values before the date of birth were truncated forwards to that time.</li> <li>Interpolated values after the time of data acquisition were truncated back to that time.</li> </ul>
105;Duration_Interpolated_Age_of_participant_when_non-cancer_illness_first_diagnosed-2.4;Duration_Interpolated_Age_of_participant_when_non-cancer_illness_first_diagnosed-2.4;20009.0;2.4;Duration Interpolated Age of participant when non-cancer illness first diagnosed;Non-cancer illness: diagnostic duration (fifth time);Body injuries and illnesses;Medical conditions;100074.0;13.0;This is the interpolated time when the participant indicated the corresponding condition was first diagnosed by a doctor, given as their estimated age. <ul> <li>If the participant gave a calendar year, then the best-fit time is their age at the mid-point of that year. For example if the year was given as 1970, and the participant was born on 1 April 1950, then their age on 1st July 1970 is 20.25</li> then the value presented is 1970.5</li> <li>If the participant gave their age then the value presented is the fractional year corresponding to the mid-point of that age. For example, if the participant said they were 30 years old then the value is 30.5 <li>Interpolated values before the date of birth were truncated forwards to that time.</li> <li>Interpolated values after the time of data acquisition were truncated back to that time.</li> </ul>
106;Duration_Interpolated_Age_of_participant_when_non-cancer_illness_first_diagnosed-2.5;Duration_Interpolated_Age_of_participant_when_non-cancer_illness_first_diagnosed-2.5;20009.0;2.5;Duration Interpolated Age of participant when non-cancer illness first diagnosed;Non-cancer illness: diagnostic duration ( sixth time);Body injuries and illnesses;Medical conditions;100074.0;13.0;This is the interpolated time when the participant indicated the corresponding condition was first diagnosed by a doctor, given as their estimated age. <ul> <li>If the participant gave a calendar year, then the best-fit time is their age at the mid-point of that year. For example if the year was given as 1970, and the participant was born on 1 April 1950, then their age on 1st July 1970 is 20.25</li> then the value presented is 1970.5</li> <li>If the participant gave their age then the value presented is the fractional year corresponding to the mid-point of that age. For example, if the participant said they were 30 years old then the value is 30.5 <li>Interpolated values before the date of birth were truncated forwards to that time.</li> <li>Interpolated values after the time of data acquisition were truncated back to that time.</li> </ul>
107;Duration_Interpolated_Age_of_participant_when_non-cancer_illness_first_diagnosed-2.6;Duration_Interpolated_Age_of_participant_when_non-cancer_illness_first_diagnosed-2.6;20009.0;2.6;Duration Interpolated Age of participant when non-cancer illness first diagnosed;Non-cancer illness: diagnostic duration (seventh time);Body injuries and illnesses;Medical conditions;100074.0;13.0;This is the interpolated time when the participant indicated the corresponding condition was first diagnosed by a doctor, given as their estimated age. <ul> <li>If the participant gave a calendar year, then the best-fit time is their age at the mid-point of that year. For example if the year was given as 1970, and the participant was born on 1 April 1950, then their age on 1st July 1970 is 20.25</li> then the value presented is 1970.5</li> <li>If the participant gave their age then the value presented is the fractional year corresponding to the mid-point of that age. For example, if the participant said they were 30 years old then the value is 30.5 <li>Interpolated values before the date of birth were truncated forwards to that time.</li> <li>Interpolated values after the time of data acquisition were truncated back to that time.</li> </ul>
108;Duration_Interpolated_Age_of_participant_when_non-cancer_illness_first_diagnosed-2.7;Duration_Interpolated_Age_of_participant_when_non-cancer_illness_first_diagnosed-2.7;20009.0;2.7;Duration Interpolated Age of participant when non-cancer illness first diagnosed;Non-cancer illness: diagnostic duration (eighth time);Body injuries and illnesses;Medical conditions;100074.0;13.0;This is the interpolated time when the participant indicated the corresponding condition was first diagnosed by a doctor, given as their estimated age. <ul> <li>If the participant gave a calendar year, then the best-fit time is their age at the mid-point of that year. For example if the year was given as 1970, and the participant was born on 1 April 1950, then their age on 1st July 1970 is 20.25</li> then the value presented is 1970.5</li> <li>If the participant gave their age then the value presented is the fractional year corresponding to the mid-point of that age. For example, if the participant said they were 30 years old then the value is 30.5 <li>Interpolated values before the date of birth were truncated forwards to that time.</li> <li>Interpolated values after the time of data acquisition were truncated back to that time.</li> </ul>
109;Duration_Interpolated_Age_of_participant_when_operation_took_place-2.0;Duration_Interpolated_Age_of_participant_when_operation_took_place-2.0;20011.0;2.0;Duration Interpolated Age of participant when operation took place;Operation : duration of taking place (first time);Body injuries and illnesses;Operations;100076.0;13.0;This is the age participant indicated they were when the corresponding operation took place.
110;Duration_Interpolated_Age_of_participant_when_operation_took_place-2.1;Duration_Interpolated_Age_of_participant_when_operation_took_place-2.1;20011.0;2.1;Duration Interpolated Age of participant when operation took place;Operation : duration of taking place (second time);Body injuries and illnesses;Operations;100076.0;13.0;This is the age participant indicated they were when the corresponding operation took place.
111;Duration_Interpolated_Age_of_participant_when_operation_took_place-2.2;Duration_Interpolated_Age_of_participant_when_operation_took_place-2.2;20011.0;2.2;Duration Interpolated Age of participant when operation took place;Operation : duration of taking place (third time);Body injuries and illnesses;Operations;100076.0;13.0;This is the age participant indicated they were when the corresponding operation took place.
112;Duration_Interpolated_Age_of_participant_when_operation_took_place-2.3;Duration_Interpolated_Age_of_participant_when_operation_took_place-2.3;20011.0;2.3;Duration Interpolated Age of participant when operation took place;Operation : duration of taking place (fourth time);Body injuries and illnesses;Operations;100076.0;13.0;This is the age participant indicated they were when the corresponding operation took place.
113;Duration_Interpolated_Age_of_participant_when_operation_took_place-2.4;Duration_Interpolated_Age_of_participant_when_operation_took_place-2.4;20011.0;2.4;Duration Interpolated Age of participant when operation took place;Operation : duration of taking place (fifth time);Body injuries and illnesses;Operations;100076.0;13.0;This is the age participant indicated they were when the corresponding operation took place.
114;Duration_Interpolated_Age_of_participant_when_operation_took_place-2.5;Duration_Interpolated_Age_of_participant_when_operation_took_place-2.5;20011.0;2.5;Duration Interpolated Age of participant when operation took place;Operation : duration of taking place (sixth time);Body injuries and illnesses;Operations;100076.0;13.0;This is the age participant indicated they were when the corresponding operation took place.
115;Interpolated_Age_of_participant_when_operation_took_place-2.5;Interpolated_Age_of_participant_when_operation_took_place-2.5;20011.0;2.5;Interpolated Age of participant when operation took place;Operation : age when took place (sixth time);Body injuries and illnesses;Operations;100076.0;13.0;This is the age participant indicated they were when the corresponding operation took place.
116;Duration_of_moderate_activity-2.0;Duration_of_moderate_activity-2.0;894.0;2.0;Duration of moderate activity;Duration of moderate activity;Lifestyle and environment;Physical activity;100054.0;100291.0;"ACE touchscreen question ""How many minutes did you usually spend doing moderate activities on a typical DAY?""<p>The following checks were performed:<ul><li>If answer < 0 then rejected</li><li>If answer > 1440 then rejected</li><li>If answer < 10 then participant asked to confirm</li><li>If answer > 300 then participant asked to confirm</li></ul><p>If the participant activated the Help button they were shown the message:<br><table><tr><td><i>If the time you usually spend doing moderate physical activity on each day<br>of the week varies a lot, give an average of the time you spend doing moderate<br>physical activity.<br></i></td></tr></table><p>~F894~ was collected from participants who indicated that they did moderate physical activities for 10 minutes on at least 1 day per week in the previous 4 weeks, as defined by their answers to question ~F884~"
117;ISCED;ISCED;-1.0;-1.0;Encoded anonymised participant ID;Encoded anonymised participant ID;Sociodemographics;Education;100063.0;100305.0;Encoded anonymised participant ID Converted from Data-Field 6138 Qualifications which its encoding is 100305
118;Ever_addicted_to_any_substance_or_behaviour-0.0;Ever_addicted_to_any_substance_or_behaviour-0.0;20401.0;0.0;Ever addicted to any substance or behaviour;Addiction to any substance or behaviour;Mental health and socio-affective factors;Addictions;141.0;502.0;"Question asked: ""Have you been addicted to or dependent on one or more things, including substances (not cigarettes/coffee) or behaviours (such as gambling)?"""
119;Ever_been_injured_or_injured_someone_else_through_drinking_alcohol-0.0;Ever_been_injured_or_injured_someone_else_through_drinking_alcohol-0.0;20411.0;0.0;Ever been injured or injured someone else through drinking alcohol;Injury Caused by alcohol consumption;Diet and alcohol;Alcohol use;142.0;524.0;"Question asked: ""Have you or someone else been injured as a result of your drinking?"""
120;Ever_believed_in_an_un-real_conspiracy_against_self-0.0;Ever_believed_in_an_un-real_conspiracy_against_self-0.0;20468.0;0.0;Ever believed in an un-real conspiracy against self;Belief in a personal conspiracy;Mental health and socio-affective factors;Unusual and psychotic experiences;144.0;502.0;"Question asked: ""Did you ever believe that there was an unjust plot going on to harm you or to have people follow you, and which your family and friends did not believe existed?"""
121;Ever_believed_in_un-real_communications_or_signs-0.0;Ever_believed_in_un-real_communications_or_signs-0.0;20474.0;0.0;Ever believed in un-real communications or signs;Belief in unreal communications;Mental health and socio-affective factors;Unusual and psychotic experiences;144.0;502.0;"Question asked: ""Did you ever believe that a strange force was trying to communicate directly with you by sending special signs or signals that you could understand but that no one else could understand (for example through the radio or television)?"""
122;Ever_contemplated_self-harm-0.0;Ever_contemplated_self-harm-0.0;20485.0;0.0;Ever contemplated self-harm;Contemplated self-harm;Mental health and socio-affective factors;Self-harm behaviours;146.0;535.0;"Question asked: ""Have you contemplated harming yourself (for example by cutting, biting, hitting yourself or taking an overdose)?"""
123;Ever_felt_worried,_tense,_or_anxious_for_most_of_a_month_or_longer-0.0;Ever_felt_worried_tense_or_anxious_for_most_of_a_month_or_longer-0.0;20421.0;0.0;Ever felt worried, tense, or anxious for most of a month or longer;Long-term worry and tension;Mental health and socio-affective factors;Anxiety;140.0;502.0;"Question asked: ""Have you ever had a period lasting one month or longer when most of the time you felt worried, tense, or anxious?"""
124;Ever_had_known_person_concerned_about,_or_recommend_reduction_of,_alcohol_consumption-0.0;Ever_had_known_person_concerned_about_or_recommend_reduction_of_alcohol_consumption-0.0;20405.0;0.0;Ever had known person concerned about, or recommend reduction of, alcohol consumption;Known person advocated alcohol reduction;Diet and alcohol;Alcohol use;142.0;524.0;"Question asked: ""Has a relative or friend or a doctor or another health worker been concerned about your drinking or suggested you cut down?"""
125;Ever_had_period_extreme_irritability-0.0;Ever_had_period_extreme_irritability-0.0;20502.0;0.0;Ever had period extreme irritability;Period of extreme irritability;Mental health and socio-affective factors;Mania;139.0;502.0;"Question asked: ""Have you ever had a period of time when you were so irritable that you found yourself shouting at people or starting fights or arguments?"""
126;Ever_had_period_of_mania_/_excitability-0.0;Ever_had_period_of_mania__excitability-0.0;20501.0;0.0;Ever had period of mania / excitability;Period of mania / excitability;Mental health and socio-affective factors;Mania;139.0;502.0;"Question asked: ""Have you ever had a period of time when you were feeling so good, ""high"", ""excited"", or ""hyper"" that other people thought you were not your normal self or you were so ""hyper"" that you got into trouble?"""
127;Ever_had_prolonged_feelings_of_sadness_or_depression-0.0;Ever_had_prolonged_feelings_of_sadness_or_depression-0.0;20446.0;0.0;Ever had prolonged feelings of sadness or depression;Long-lasting sadness or depression;Mental health and socio-affective factors;Depression;138.0;503.0;"Question asked: ""Have you ever had a time in your life when you felt sad, blue, or depressed for two weeks or more in a row?"""
128;Ever_had_prolonged_loss_of_interest_in_normal_activities-0.0;Ever_had_prolonged_loss_of_interest_in_normal_activities-0.0;20441.0;0.0;Ever had prolonged loss of interest in normal activities;Long-term loss of interest in activities;Mental health and socio-affective factors;Depression;138.0;503.0;"Question asked: ""Have you ever had a time in your life lasting two weeks or more when you lost interest in most things like hobbies, work, or activities that usually give you pleasure?"""
129;Ever_heard_an_un-real_voice-0.0;Ever_heard_an_un-real_voice-0.0;20463.0;0.0;Ever heard an un-real voice;heard an un-real voice;Mental health and socio-affective factors;Unusual and psychotic experiences;144.0;502.0;"Question asked: ""Did you ever hear things that other people said did not exist, like strange voices coming from inside your head talking to you or about you, or voices coming out of the air when there was no one around?"""
130;Ever_seen_an_un-real_vision-0.0;Ever_seen_an_un-real_vision-0.0;20471.0;0.0;Ever seen an un-real vision;seen an un-real vision;Mental health and socio-affective factors;Unusual and psychotic experiences;144.0;502.0;"Question asked: ""Did you ever see something that wasn't really there that other people could not see?"""
131;Ever_self-harmed-0.0;Ever_self-harmed-0.0;20480.0;0.0;Ever self-harmed;Ever self-harmed;Mental health and socio-affective factors;Self-harm behaviours;146.0;503.0;"Question asked: ""Have you deliberately harmed yourself, whether or not you meant to end your life?"""
132;Ever_sought_or_received_professional_help_for_mental_distress-0.0;Ever_sought_or_received_professional_help_for_mental_distress-0.0;20499.0;0.0;Ever sought or received professional help for mental distress;Sought help for mental distress;Mental health and socio-affective factors;Mental distress;137.0;502.0;"Question asked: ""In your life, did you seek or receive help from a professional (medical doctor, psychologist, social worker, counsellor, nurse, clergy, or other helping professional) for mental distress, psychological problems or unusual experiences?"""
133;Ever_suffered_mental_distress_preventing_usual_activities-0.0;Ever_suffered_mental_distress_preventing_usual_activities-0.0;20500.0;0.0;Ever suffered mental distress preventing usual activities;Mental distress affecting daily activities;Mental health and socio-affective factors;Mental distress;137.0;502.0;"Question asked: ""In your life, have you suffered from a period of mental distress that prevented you from doing your usual activities?"""
134;Ever_taken_cannabis-0.0;Ever_taken_cannabis-0.0;20453.0;0.0;Ever taken cannabis;Cannabis usage;Mental health and socio-affective factors;Cannabis use;143.0;526.0;"Question asked: ""Have you taken CANNABIS (marijuana, grass, hash, ganja, blow, draw, skunk, weed, spliff, dope), even if it was a long time ago?"""
135;Ever_thought_that_life_not_worth_living-0.0;Ever_thought_that_life_not_worth_living-0.0;20479.0;0.0;Ever thought that life not worth living;Thought life was not worth living;Mental health and socio-affective factors;Self-harm behaviours;146.0;535.0;"Question asked: ""Many people have thoughts that life is not worth living. Have you felt that way?"""
136;Ever_worried_more_than_most_people_would_in_similar_situation-0.0;Ever_worried_more_than_most_people_would_in_similar_situation-0.0;20425.0;0.0;Ever worried more than most people would in similar situation;Worried more than others in similar situations;Mental health and socio-affective factors;Anxiety;140.0;502.0;"Question asked: ""People differ a lot in how much they worry about things. Did you ever have a time when you worried a lot more than most people would in your situation?"""
137;Facial_ageing-2.0;Facial_ageing-2.0;1757.0;2.0;Facial ageing;Facial ageing;Lifestyle and environment;Sun exposure;100055.0;100435.0;"ACE touchscreen question ""Do people say that you look:"""
138;Falls_in_the_last_year-0.0;Falls_in_the_last_year-0.0;2296.0;0.0;Falls in the last year;Falls in the last year;Body injuries and illnesses;General health;100042.0;100539.0;"ACE touchscreen question ""In the last year have you had any falls?"""
139;Family_relationship_satisfaction-2.0;Family_relationship_satisfaction-2.0;4559.0;2.0;Family relationship satisfaction;Family relationship satisfaction;Mental health and socio-affective factors;Mental health;100060.0;100478.0;"ACE touchscreen question ""In general how satisfied are you with your FAMILY RELATIONSHIPS?"" <p>Question was introduced part way through fieldwork in April 2009."
140;Felt_hated_by_family_member_as_a_child-0.0;Felt_hated_by_family_member_as_a_child-0.0;20487.0;0.0;Felt hated by family member as a child;Felt hated by family member as a child;Mental health and socio-affective factors;Traumatic events;145.0;532.0;"Question asked: ""When I was growing up... I felt that someone in my family hated me"""
141;Felt_loved_as_a_child-0.0;Felt_loved_as_a_child-0.0;20489.0;0.0;Felt loved as a child;Felt loved as a child;Mental health and socio-affective factors;Traumatic events;145.0;532.0;"Question asked: ""When I was growing up... I felt loved"""
142;Felt_very_upset_when_reminded_of_stressful_experience_in_past_month-0.0;Felt_very_upset_when_reminded_of_stressful_experience_in_past_month-0.0;20498.0;0.0;Felt very upset when reminded of stressful experience in past month;Felt upset by reminders of past stress;Mental health and socio-affective factors;Traumatic events;145.0;534.0;"Question asked: ""Next is a list of problems and complaints that people sometimes have in response to such extremely stressful experiences. Please indicate how much you have been bothered by that problem in the past month: Feeling very upset when something reminded you of a stressful experience?"""
143;Financial_situation_satisfaction-2.0;Financial_situation_satisfaction-2.0;4581.0;2.0;Financial situation satisfaction;Financial situation satisfaction;Mental health and socio-affective factors;Mental health;100060.0;100478.0;"ACE touchscreen question ""In general how satisfied are you with your FINANCIAL SITUATION?"" <p>Question was introduced part way through fieldwork in April 2009."
144;Forced_expiratory_volume_in_1-second_(FEV1)-0.0;Forced_expiratory_volume_in_1-second_FEV1-0.0;3063.0;0.0;Forced expiratory volume in 1-second (FEV1);Forced expiratory volume in 1-second (FEV1);Body composition and body morphology;Spirometry;100020.0;0.0;FEV1 value calculated from blow
145;Forced_vital_capacity_(FVC)-0.0;Forced_vital_capacity_FVC-0.0;3062.0;0.0;Forced vital capacity (FVC);Forced vital capacity (FVC);Body composition and body morphology;Spirometry;100020.0;0.0;FVC value calculated from blow
146;Frequency_of_drinking_alcohol-0.0;Frequency_of_drinking_alcohol-0.0;20414.0;0.0;Frequency of drinking alcohol;Alcohol intake;Diet and alcohol;Alcohol use;142.0;521.0;"Question asked: ""How often do you have a drink containing alcohol?"""
147;Fresh_fruit_intake-0.0;Fresh_fruit_intake-0.0;1309.0;0.0;Fresh fruit intake;Fresh fruit intake;Diet and alcohol;Diet;100052.0;100373.0;"ACE touchscreen question ""About how many pieces of FRESH fruit would you eat per DAY? (Count one apple, one banana, 10 grapes etc as one piece; put '0' if you do not eat any)""<p>The following checks were performed:<ul><li>If answer > 50 then rejected</li></ul><p>If the participant activated the Help button they were shown the message:<br><table><tr><td><i>Please provide an average considering your intake over the last year.<br>If you are unsure, please provide an estimate or select Do not know.<br></i></td></tr></table>"
148;Friendships_satisfaction-2.0;Friendships_satisfaction-2.0;4570.0;2.0;Friendships satisfaction;Friendships satisfaction;Mental health and socio-affective factors;Mental health;100060.0;100478.0;"ACE touchscreen question ""In general how satisfied are you with your FRIENDSHIPS?"" <p>Question was introduced part way through fieldwork in April 2009."
149;General_happiness-0.0;General_happiness-0.0;20458.0;0.0;General happiness;General happiness;Mental health and socio-affective factors;Happiness and subjective well-being;147.0;537.0;"Question asked: ""In general how happy are you?"""
150;General_happiness_with_own_health-0.0;General_happiness_with_own_health-0.0;20459.0;0.0;General happiness with own health;General happiness with own health;Mental health and socio-affective factors;Happiness and subjective well-being;147.0;537.0;"Question asked: ""In general how happy are you with your HEALTH?"""
151;Hand_grip_strength_(left)-0.0;Hand_grip_strength_left-0.0;46.0;0.0;Hand grip strength (left);Hand grip strength (left);Body composition and body morphology;Hand grip strength;100019.0;0.0;Left grip strength. <br> <br> An issue has been identified with the a small amount of grip strength data (~F46~ and ~F47~) collected in Cheadle during the first repeat visit in 2013 (Instance 1). We are working on modelling a correction factor for this data. In the meantime, researchers are advised to treat the 2013 grip strength data with caution. <br> In particular, readings from dynamometer 7336 are lower than expected. The mean error is approximately 2 kg for readings taken in January 2013, gradually increasing to a mean error of 14 kg for readings taken in June 2013.<br> The dynamometer was recalibrated after June 2013, during scheduled yearly external calibration, and there is no evidence of problems with dynamometer 7336 during instances 0, 2 or 3.
152;Hand_grip_strength_(right)-0.0;Hand_grip_strength_right-0.0;47.0;0.0;Hand grip strength (right);Hand grip strength (right);Body composition and body morphology;Hand grip strength;100019.0;0.0;Right grip strength. <br> <br> An issue has been identified with the a small amount of grip strength data (~F46~ and ~F47~) collected in Cheadle during the first repeat visit in 2013 (Instance 1). We are working on modelling a correction factor for this data. In the meantime, researchers are advised to treat the 2013 grip strength data with caution. <br> In particular, readings from dynamometer 7336 are lower than expected. The mean error is approximately 2 kg for readings taken in January 2013, gradually increasing to a mean error of 14 kg for readings taken in June 2013. <br> The dynamometer was recalibrated after June 2013, during scheduled yearly external calibration, and there is no evidence of problems with dynamometer 7336 during instances 0, 2 or 3.
153;Handedness_(chirality/laterality)-0.0;Handedness_chiralitylaterality-0.0;1707.0;0.0;Handedness (chirality/laterality);Handedness (chirality/laterality);Early life factors;Early life factors;100033.0;100430.0;"ACE touchscreen question ""Are you right or left handed?"" <br><br>This question was dropped from the touchscreen protocol on 24/10/2016."
154;Heel_bone_mineral_density_(BMD)_T-score,_automated_(left)-2.0;Heel_bone_mineral_density_BMD_T-score_automated_left-2.0;4106.0;2.0;Heel bone mineral density (BMD) T-score, automated (left);Heel bone mineral density (BMD) T-score, automated (left);Bone health;Bone-densitometry of heel;100018.0;0.0;This T-score is calculated from the ultrasound heel BMD measurement and is based on a person's bone density compared with what is normally expected in someone of the same sex. The units of the T-score are the number of standard deviations (SD) that the bone density is above or below the standard.
155;Heel_bone_mineral_density_(BMD)_T-score,_automated_(right)-2.0;Heel_bone_mineral_density_BMD_T-score_automated_right-2.0;4125.0;2.0;Heel bone mineral density (BMD) T-score, automated (right);Heel bone mineral density (BMD) T-score, automated (right);Bone health;Bone-densitometry of heel;100018.0;0.0;This T-score is calculated from the ultrasound heel BMD measurement and is based on a person's bone density compared with what is normally expected in someone of the same sex. The units of the T-score are the number of standard deviations (SD) that the bone density is above or below the standard.
156;Height-2.0;Height-2.0;12144.0;2.0;Height;Height;Not a feature;Body size measures;100010.0;0.0;Height measured prior to imaging stages. Required by DXA device for calibration.
157;Hip_circumference-0.0;Hip_circumference-0.0;49.0;0.0;Hip circumference;Hip circumference;Body composition and body morphology;Body size measures;100010.0;0.0;Hip circumference
158;Home_area_population_density_-_urban_or_rural-0.0;Home_area_population_density_-_urban_or_rural-0.0;20118.0;0.0;Home area population density - urban or rural;Home area population density - urban or rural;Lifestyle and environment;Reception;100024.0;91.0;"The classification is derived by combining each participants home postcode with data generated from the 2001 census from the Office of National Statistics, using the Geoconvert tool from <a href=""http://cdu.mimas.ac.uk/"" class=""basic"">Census Dissemination Unit</a>."
159;Hot_drink_temperature-0.0;Hot_drink_temperature-0.0;1518.0;0.0;Hot drink temperature;Hot drink temperature;Diet and alcohol;Diet;100052.0;100398.0;"ACE touchscreen question ""How do you like your hot drinks? (Such as coffee or tea)"""
160;Impedance_of_arm_(left)-0.0;Impedance_of_arm_left-0.0;23110.0;0.0;Impedance of arm (left);Impedance of arm (left);Body composition and body morphology;Body composition by impedance;100009.0;0.0;Body composition estimation by impedance measurement. Impedance of left arm, ohm<p>Measured impedance of left arm. Range 150 - 1200 (ohms) in 1 (ohms) increments.
161;Impedance_of_arm_(right)-0.0;Impedance_of_arm_right-0.0;23109.0;0.0;Impedance of arm (right);Impedance of arm (right);Body composition and body morphology;Body composition by impedance;100009.0;0.0;Body composition estimation by impedance measurement. Impedance of right arm, oh<p>Measured impedance of right arm. Range 150 - 1200 (ohms) in 1 (ohms) increments.
162;Impedance_of_leg_(left)-0.0;Impedance_of_leg_left-0.0;23108.0;0.0;Impedance of leg (left);Impedance of leg (left);Body composition and body morphology;Body composition by impedance;100009.0;0.0;Body composition estimation by impedance measurement. Impedance of left leg, ohm<p>Measured impedance of left leg. Range 150 - 1200 (ohms) in 1 (ohms) increments.
163;Impedance_of_leg_(right)-0.0;Impedance_of_leg_right-0.0;23107.0;0.0;Impedance of leg (right);Impedance of leg (right);Body composition and body morphology;Body composition by impedance;100009.0;0.0;Body composition estimation by impedance measurement. Impedance of right leg, oh<p>Measured impedance of right leg. Range 150 - 1200 (ohms) in 1 (ohms) increments.
164;Impedance_of_whole_body-0.0;Impedance_of_whole_body-0.0;23106.0;0.0;Impedance of whole body;Impedance of whole body;Body composition and body morphology;Body composition by impedance;100009.0;0.0;Body composition estimation by impedance measurement. Impedance of whole body. is Range 150 - 1200ohms in 1ohm increments.
165;Interpolated_Age_of_participant_when_cancer_first_diagnosed-2.0;Interpolated_Age_of_participant_when_cancer_first_diagnosed-2.0;20007.0;2.0;Interpolated Age of participant when cancer first diagnosed;Cancer : diagnostic age (first time);Body injuries and illnesses;Medical conditions;100074.0;13.0;This is the interpolated time when the participant indicated the corresponding cancer was first diagnosed by a doctor, given as their estimated age. <ul> <li>If the participant gave a calendar year, then the best-fit time is their age at the mid-point of that year. For example if the year was given as 1970, and the participant was born on 1 April 1950, then their age on 1st July 1970 is 20.25</li> then the value presented is 1970.5</li> <li>If the participant gave their age then the value presented is the fractional year corresponding to the mid-point of that age. For example, if the participant said they were 30 years old then the value is 30.5 <li>Interpolated values before the date of birth were truncated forwards to that time.</li> <li>Interpolated values after the time of data acquisition were truncated back to that time.</li> </ul>
166;Interpolated_Age_of_participant_when_cancer_first_diagnosed-2.1;Interpolated_Age_of_participant_when_cancer_first_diagnosed-2.1;20007.0;2.1;Interpolated Age of participant when cancer first diagnosed;Cancer : diagnostic age (second time);Body injuries and illnesses;Medical conditions;100074.0;13.0;This is the interpolated time when the participant indicated the corresponding cancer was first diagnosed by a doctor, given as their estimated age. <ul> <li>If the participant gave a calendar year, then the best-fit time is their age at the mid-point of that year. For example if the year was given as 1970, and the participant was born on 1 April 1950, then their age on 1st July 1970 is 20.25</li> then the value presented is 1970.5</li> <li>If the participant gave their age then the value presented is the fractional year corresponding to the mid-point of that age. For example, if the participant said they were 30 years old then the value is 30.5 <li>Interpolated values before the date of birth were truncated forwards to that time.</li> <li>Interpolated values after the time of data acquisition were truncated back to that time.</li> </ul>
167;Interpolated_Age_of_participant_when_non-cancer_illness_first_diagnosed-2.0;Interpolated_Age_of_participant_when_non-cancer_illness_first_diagnosed-2.0;20009.0;2.0;Interpolated Age of participant when non-cancer illness first diagnosed;Non-cancer illness: diagnostic age (first time);Body injuries and illnesses;Medical conditions;100074.0;13.0;This is the interpolated time when the participant indicated the corresponding condition was first diagnosed by a doctor, given as their estimated age. <ul> <li>If the participant gave a calendar year, then the best-fit time is their age at the mid-point of that year. For example if the year was given as 1970, and the participant was born on 1 April 1950, then their age on 1st July 1970 is 20.25</li> then the value presented is 1970.5</li> <li>If the participant gave their age then the value presented is the fractional year corresponding to the mid-point of that age. For example, if the participant said they were 30 years old then the value is 30.5 <li>Interpolated values before the date of birth were truncated forwards to that time.</li> <li>Interpolated values after the time of data acquisition were truncated back to that time.</li> </ul>
168;Interpolated_Age_of_participant_when_non-cancer_illness_first_diagnosed-2.1;Interpolated_Age_of_participant_when_non-cancer_illness_first_diagnosed-2.1;20009.0;2.1;Interpolated Age of participant when non-cancer illness first diagnosed;Non-cancer illness: diagnostic age (second time);Body injuries and illnesses;Medical conditions;100074.0;13.0;This is the interpolated time when the participant indicated the corresponding condition was first diagnosed by a doctor, given as their estimated age. <ul> <li>If the participant gave a calendar year, then the best-fit time is their age at the mid-point of that year. For example if the year was given as 1970, and the participant was born on 1 April 1950, then their age on 1st July 1970 is 20.25</li> then the value presented is 1970.5</li> <li>If the participant gave their age then the value presented is the fractional year corresponding to the mid-point of that age. For example, if the participant said they were 30 years old then the value is 30.5 <li>Interpolated values before the date of birth were truncated forwards to that time.</li> <li>Interpolated values after the time of data acquisition were truncated back to that time.</li> </ul>
169;Interpolated_Age_of_participant_when_non-cancer_illness_first_diagnosed-2.2;Interpolated_Age_of_participant_when_non-cancer_illness_first_diagnosed-2.2;20009.0;2.2;Interpolated Age of participant when non-cancer illness first diagnosed;Non-cancer illness: diagnostic age (third time);Body injuries and illnesses;Medical conditions;100074.0;13.0;This is the interpolated time when the participant indicated the corresponding condition was first diagnosed by a doctor, given as their estimated age. <ul> <li>If the participant gave a calendar year, then the best-fit time is their age at the mid-point of that year. For example if the year was given as 1970, and the participant was born on 1 April 1950, then their age on 1st July 1970 is 20.25</li> then the value presented is 1970.5</li> <li>If the participant gave their age then the value presented is the fractional year corresponding to the mid-point of that age. For example, if the participant said they were 30 years old then the value is 30.5 <li>Interpolated values before the date of birth were truncated forwards to that time.</li> <li>Interpolated values after the time of data acquisition were truncated back to that time.</li> </ul>
170;Interpolated_Age_of_participant_when_non-cancer_illness_first_diagnosed-2.3;Interpolated_Age_of_participant_when_non-cancer_illness_first_diagnosed-2.3;20009.0;2.3;Interpolated Age of participant when non-cancer illness first diagnosed;Non-cancer illness: diagnostic age (fourth time);Body injuries and illnesses;Medical conditions;100074.0;13.0;This is the interpolated time when the participant indicated the corresponding condition was first diagnosed by a doctor, given as their estimated age. <ul> <li>If the participant gave a calendar year, then the best-fit time is their age at the mid-point of that year. For example if the year was given as 1970, and the participant was born on 1 April 1950, then their age on 1st July 1970 is 20.25</li> then the value presented is 1970.5</li> <li>If the participant gave their age then the value presented is the fractional year corresponding to the mid-point of that age. For example, if the participant said they were 30 years old then the value is 30.5 <li>Interpolated values before the date of birth were truncated forwards to that time.</li> <li>Interpolated values after the time of data acquisition were truncated back to that time.</li> </ul>
171;Interpolated_Age_of_participant_when_non-cancer_illness_first_diagnosed-2.4;Interpolated_Age_of_participant_when_non-cancer_illness_first_diagnosed-2.4;20009.0;2.4;Interpolated Age of participant when non-cancer illness first diagnosed;Non-cancer illness: diagnostic age (fifth time);Body injuries and illnesses;Medical conditions;100074.0;13.0;This is the interpolated time when the participant indicated the corresponding condition was first diagnosed by a doctor, given as their estimated age. <ul> <li>If the participant gave a calendar year, then the best-fit time is their age at the mid-point of that year. For example if the year was given as 1970, and the participant was born on 1 April 1950, then their age on 1st July 1970 is 20.25</li> then the value presented is 1970.5</li> <li>If the participant gave their age then the value presented is the fractional year corresponding to the mid-point of that age. For example, if the participant said they were 30 years old then the value is 30.5 <li>Interpolated values before the date of birth were truncated forwards to that time.</li> <li>Interpolated values after the time of data acquisition were truncated back to that time.</li> </ul>
172;Interpolated_Age_of_participant_when_non-cancer_illness_first_diagnosed-2.5;Interpolated_Age_of_participant_when_non-cancer_illness_first_diagnosed-2.5;20009.0;2.5;Interpolated Age of participant when non-cancer illness first diagnosed;Non-cancer illness: diagnostic age (sixth time);Body injuries and illnesses;Medical conditions;100074.0;13.0;This is the interpolated time when the participant indicated the corresponding condition was first diagnosed by a doctor, given as their estimated age. <ul> <li>If the participant gave a calendar year, then the best-fit time is their age at the mid-point of that year. For example if the year was given as 1970, and the participant was born on 1 April 1950, then their age on 1st July 1970 is 20.25</li> then the value presented is 1970.5</li> <li>If the participant gave their age then the value presented is the fractional year corresponding to the mid-point of that age. For example, if the participant said they were 30 years old then the value is 30.5 <li>Interpolated values before the date of birth were truncated forwards to that time.</li> <li>Interpolated values after the time of data acquisition were truncated back to that time.</li> </ul>
173;Interpolated_Age_of_participant_when_non-cancer_illness_first_diagnosed-2.6;Interpolated_Age_of_participant_when_non-cancer_illness_first_diagnosed-2.6;20009.0;2.6;Interpolated Age of participant when non-cancer illness first diagnosed;Non-cancer illness: diagnostic age (seventh time);Body injuries and illnesses;Medical conditions;100074.0;13.0;This is the interpolated time when the participant indicated the corresponding condition was first diagnosed by a doctor, given as their estimated age. <ul> <li>If the participant gave a calendar year, then the best-fit time is their age at the mid-point of that year. For example if the year was given as 1970, and the participant was born on 1 April 1950, then their age on 1st July 1970 is 20.25</li> then the value presented is 1970.5</li> <li>If the participant gave their age then the value presented is the fractional year corresponding to the mid-point of that age. For example, if the participant said they were 30 years old then the value is 30.5 <li>Interpolated values before the date of birth were truncated forwards to that time.</li> <li>Interpolated values after the time of data acquisition were truncated back to that time.</li> </ul>
174;Interpolated_Age_of_participant_when_non-cancer_illness_first_diagnosed-2.7;Interpolated_Age_of_participant_when_non-cancer_illness_first_diagnosed-2.7;20009.0;2.7;Interpolated Age of participant when non-cancer illness first diagnosed;Non-cancer illness: diagnostic age (eighth time);Body injuries and illnesses;Medical conditions;100074.0;13.0;This is the interpolated time when the participant indicated the corresponding condition was first diagnosed by a doctor, given as their estimated age. <ul> <li>If the participant gave a calendar year, then the best-fit time is their age at the mid-point of that year. For example if the year was given as 1970, and the participant was born on 1 April 1950, then their age on 1st July 1970 is 20.25</li> then the value presented is 1970.5</li> <li>If the participant gave their age then the value presented is the fractional year corresponding to the mid-point of that age. For example, if the participant said they were 30 years old then the value is 30.5 <li>Interpolated values before the date of birth were truncated forwards to that time.</li> <li>Interpolated values after the time of data acquisition were truncated back to that time.</li> </ul>
175;Interpolated_Age_of_participant_when_operation_took_place-2.0;Interpolated_Age_of_participant_when_operation_took_place-2.0;20011.0;2.0;Interpolated Age of participant when operation took place;Operation : age when took place (first time);Body injuries and illnesses;Operations;100076.0;13.0;This is the age participant indicated they were when the corresponding operation took place.
176;Interpolated_Age_of_participant_when_operation_took_place-2.1;Interpolated_Age_of_participant_when_operation_took_place-2.1;20011.0;2.1;Interpolated Age of participant when operation took place;Operation : age when took place (second time);Body injuries and illnesses;Operations;100076.0;13.0;This is the age participant indicated they were when the corresponding operation took place.
177;Interpolated_Age_of_participant_when_operation_took_place-2.2;Interpolated_Age_of_participant_when_operation_took_place-2.2;20011.0;2.2;Interpolated Age of participant when operation took place;Operation : age when took place (third time);Body injuries and illnesses;Operations;100076.0;13.0;This is the age participant indicated they were when the corresponding operation took place.
178;Interpolated_Age_of_participant_when_operation_took_place-2.3;Interpolated_Age_of_participant_when_operation_took_place-2.3;20011.0;2.3;Interpolated Age of participant when operation took place;Operation : age when took place (fourth time);Body injuries and illnesses;Operations;100076.0;13.0;This is the age participant indicated they were when the corresponding operation took place.
179;Interpolated_Age_of_participant_when_operation_took_place-2.4;Interpolated_Age_of_participant_when_operation_took_place-2.4;20011.0;2.4;Interpolated Age of participant when operation took place;Operation : age when took place (fifth time);Body injuries and illnesses;Operations;100076.0;13.0;This is the age participant indicated they were when the corresponding operation took place.
180;Lamb/mutton_intake-0.0;Lambmutton_intake-0.0;1379.0;0.0;Lamb/mutton intake;Lamb/mutton intake;Diet and alcohol;Diet;100052.0;100377.0;"ACE touchscreen question ""How often do you eat lamb/mutton? (Do not count processed meats)""<p>If the participant activated the Help button they were shown the message:<br><table><tr><td><i>Please provide an average considering your intake over the last year<br>If you are unsure, please provide an estimate or select Do not know.<br></i></td></tr></table>"
181;Leg_fat_mass_(left)-0.0;Leg_fat_mass_left-0.0;23116.0;0.0;Leg fat mass (left);Leg fat mass (left);Body composition and body morphology;Body composition by impedance;100009.0;0.0;Body composition estimation by impedance measurement. Left leg fat mass<p>Left leg free mass in Kg, 0.1 increments.
182;Leg_fat_mass_(right)-0.0;Leg_fat_mass_right-0.0;23112.0;0.0;Leg fat mass (right);Leg fat mass (right);Body composition and body morphology;Body composition by impedance;100009.0;0.0;Body composition estimation by impedance measurement. Right leg fat mass<p>Right leg fat mass in Kg, 0.1 increments.
183;Leg_fat_percentage_(left)-0.0;Leg_fat_percentage_left-0.0;23115.0;0.0;Leg fat percentage (left);Leg fat percentage (left);Body composition and body morphology;Body composition by impedance;100009.0;0.0;Body composition estimation by impedance measurement. Left leg fat percentage<p>Range 1-75% in 0.1% increments.
184;Leg_fat_percentage_(right)-0.0;Leg_fat_percentage_right-0.0;23111.0;0.0;Leg fat percentage (right);Leg fat percentage (right);Body composition and body morphology;Body composition by impedance;100009.0;0.0;Body composition estimation by impedance measurement. Right leg fat percentages<p>Range 1-75% in 0.1% increments.
185;Leg_fat-free_mass_(left)-0.0;Leg_fat-free_mass_left-0.0;23117.0;0.0;Leg fat-free mass (left);Leg fat-free mass (left);Body composition and body morphology;Body composition by impedance;100009.0;0.0;Body composition estimation by impedance measurement. Left leg fat free mass.<p>Left leg fat free mass in Kg, 0.1 increments.
186;Leg_fat-free_mass_(right)-0.0;Leg_fat-free_mass_right-0.0;23113.0;0.0;Leg fat-free mass (right);Leg fat-free mass (right);Body composition and body morphology;Body composition by impedance;100009.0;0.0;Body composition estimation by impedance measurement. Right leg fat free mass.<p>Right leg fat free mass in Kg, 0.1 increments.
187;Leg_predicted_mass_(left)-0.0;Leg_predicted_mass_left-0.0;23118.0;0.0;Leg predicted mass (left);Leg predicted mass (left);Body composition and body morphology;Body composition by impedance;100009.0;0.0;Body composition estimation by impedance measurement. Left leg predicted mass.<p>in Kg, 0.1 increments.
188;Leg_predicted_mass_(right)-0.0;Leg_predicted_mass_right-0.0;23114.0;0.0;Leg predicted mass (right);Leg predicted mass (right);Body composition and body morphology;Body composition by impedance;100009.0;0.0;Body composition estimation by impedance measurement. Right leg predicted mass.<p>in Kg, 0.1 increments.
189;Long-standing_illness,_disability_or_infirmity-0.0;Long-standing_illness_disability_or_infirmity-0.0;2188.0;0.0;Long-standing illness, disability or infirmity;Long-standing illness, disability or infirmity;Body injuries and illnesses;General health;100042.0;100349.0;"ACE touchscreen question ""Do you have any long-standing illness, disability or infirmity?"""
190;Loud_music_exposure_frequency-2.0;Loud_music_exposure_frequency-2.0;4836.0;2.0;Loud music exposure frequency;Loud music exposure frequency;Lifestyle and environment;Hearing;100043.0;100637.0;"ACE touchscreen question ""Have you ever listened to music for more than 3 hours per week at a volume which you would need to shout to be heard or, if wearing headphones, someone else would need to shout for you to hear them?""<p>~F4836~ was collected from all participants except those who indicated they were completely deaf, as defined by their answers to ~F2247~"
191;Major_dietary_changes_in_the_last_5_years-0.0;Major_dietary_changes_in_the_last_5_years-0.0;1538.0;0.0;Major dietary changes in the last 5 years;Major dietary changes in the last 5 years;Diet and alcohol;Diet;100052.0;100400.0;"ACE touchscreen question ""Have you made any major changes to your diet in the last 5 years?"""
192;Maternal_smoking_around_birth-0.0;Maternal_smoking_around_birth-0.0;1787.0;0.0;Maternal smoking around birth;Maternal smoking around birth;Early life factors;Early life factors;100033.0;100349.0;"ACE touchscreen question ""Did your mother smoke regularly around the time when you were born?"" <p>~F1787~ was collected from all participants except those who indicated they were adopted as a child, as defined by their answers to ~F1767~ <br><br>This question was dropped from the touchscreen protocol on 24/10/2016."
193;Medication_for_pain_relief,_constipation,_heartburn-2.0;Medication_for_pain_relief_constipation_heartburn-2.0;6154.0;2.0;Medication for pain relief, constipation, heartburn;Medication for pain relief, constipation, heartburn;Body injuries and illnesses;Medication;100045.0;100628.0;"ACE touchscreen question ""Do you regularly take any of the following? (You can select more than one answer)""<p>The following checks were performed:<ul><li>If code -7 was selected, then no additional choices were allowed.</li><li>If code -1 was selected, then no additional choices were allowed.</li><li>If code -3 was selected, then no additional choices were allowed.</li></ul><p>If the participant activated the Help button they were shown the message:<br><table><tr><td><i>Some over the counter medicines are known by other names.  Please enter<br>the corresponding name if you take any of the following REGULARLY<br>(that is, most days of the week for the last 4 weeks):<br><br>Aspirin: Alka Rapid Crystals, Alka-Seltzer XS, Anadin Extra, Anadin<br>  Original, Askit powders, Aspro Clear, Codis 500, Disprin, Disprin Extra<br><br>Ibuprofen: Anadin Ultra, Anadin Ibuprofen, Cuprofen Plus, Nurofen,<br>  Solpaflex, Ibuleve<br><br>Paracetamol: Anadin Extra, Hedex Extra, Panadol, Paracodol, Paramol,<br>  Solpadeine, Syndol, Veganin, Feminax, Midrid, Migraleve<br><br>Codeine: Codis 500, Cuprofen Plus, Nurofen Plus, Panadol Ultra,<br>  Paracodol, Paramol, Solpadeine Max, Sopadeine Plus, Solpafelx, Syndol,<br>  Veganin, Feminax, Migraleve<br></i></td></tr></table>"
194;Milk_type_used-0.0;Milk_type_used-0.0;1418.0;0.0;Milk type used;Milk type used;Diet and alcohol;Diet;100052.0;100387.0;"ACE touchscreen question ""What type of milk do you mainly use?""<p>If the participant activated the Help button they were shown the message:<br><table><tr><td><i>If you use more than one type of milk, please select the one that<br>you drink the most.<br>If you are unsure, select Do not know.<br></i></td></tr></table>"
195;Mineral_and_other_dietary_supplements-2.0;Mineral_and_other_dietary_supplements-2.0;6179.0;2.0;Mineral and other dietary supplements;Mineral and other dietary supplements;Body injuries and illnesses;Medication;100045.0;100630.0;"ACE touchscreen question ""Do you regularly take any of the following? (You can select more than one answer)""<p>The following checks were performed:<ul><li>If code -7 was selected, then no additional choices were allowed.</li><li>If code -3 was selected, then no additional choices were allowed.</li></ul>"
196;Never_eat_eggs,_dairy,_wheat,_sugar-2.0;Never_eat_eggs_dairy_wheat_sugar-2.0;6144.0;2.0;Never eat eggs, dairy, wheat, sugar;Exclude eggs, dairy, wheat, sugar from diet;Diet and alcohol;Diet;100052.0;100385.0;"ACE touchscreen question ""Which of the following do you NEVER eat? (You can select more than one answer)""<p>The following checks were performed:<ul><li>If code 5 was selected, then no additional choices were allowed.</li><li>If code -3 was selected, then no additional choices were allowed.</li></ul>"
197;Noisy_workplace-2.0;Noisy_workplace-2.0;4825.0;2.0;Noisy workplace;Noisy workplace;Lifestyle and environment;Hearing;100043.0;100637.0;"ACE touchscreen question ""Have you ever worked in a noisy place where you had to shout to be heard?""<p>~F4825~ was collected from all participants except those who indicated they were completely deaf, as defined by their answers to ~F2247~"
198;Non-oily_fish_intake-0.0;Non-oily_fish_intake-0.0;1339.0;0.0;Non-oily fish intake;Non-oily fish intake;Diet and alcohol;Diet;100052.0;100377.0;"ACE touchscreen question ""How often do you eat other types of fish? (e.g. cod, tinned tuna, haddock)""<p>If the participant activated the Help button they were shown the message:<br><table><tr><td><i>Please provide an average considering your intake over the last year.<br>If you are unsure, please provide an estimate or select Do not know.<br></i></td></tr></table>"
199;Number_of_operations,_self-reported-0.0;Number_of_operations_self-reported-0.0;136.0;0.0;Number of operations, self-reported;Operations count : self-reported number;Body injuries and illnesses;Operations;100076.0;0.0;Number of operations entered
200;Number_of_self-reported_cancers-0.0;Number_of_self-reported_cancers-0.0;134.0;0.0;Number of self-reported cancers;Cancers count : self-reported number;Body injuries and illnesses;Medical conditions;100074.0;0.0;Number of cancers entered
201;Number_of_self-reported_non-cancer_illnesses-0.0;Number_of_self-reported_non-cancer_illnesses-0.0;135.0;0.0;Number of self-reported non-cancer illnesses;Non-cancer illnesses : self-reported number;Body injuries and illnesses;Medical conditions;100074.0;0.0;Number of non-cancer illnesses entered
202;Oily_fish_intake-0.0;Oily_fish_intake-0.0;1329.0;0.0;Oily fish intake;Oily fish intake;Diet and alcohol;Diet;100052.0;100377.0;"ACE touchscreen question ""How often do you eat oily fish? (e.g. sardines, salmon, mackerel, herring)""<p>If the participant activated the Help button they were shown the message:<br><table><tr><td><i>Please provide an average considering your intake over the last year.<br>If you are unsure, please provide an estimate or select Do not know.<br>Oily fish include:<br>  Salmon  Anchovies<br>  Trout   Swordfish<br>  Mackerel  Bloater<br>  Herring  Cacha<br>  Sardines  Carp<br>  Pilchards  Hilsa<br>  Kipper   Jack fish<br>  Eel   Katla<br>  Whitebait  Orange roughy<br>  Tuna (fresh only) Pangas<br>  Sprats<br></i></td></tr></table>"
203;Other_serious_medical_condition/disability_diagnosed_by_doctor-0.0;Other_serious_medical_conditiondisability_diagnosed_by_doctor-0.0;2473.0;0.0;Other serious medical condition/disability diagnosed by doctor;Other serious medical conditions and disabilities;Body injuries and illnesses;Medical conditions;100044.0;100603.0;"ACE touchscreen question ""Has a doctor ever told you that you have had any other serious medical conditions or disabilities?""<p>If the participant activated the Help button they were shown the message:<br><table><tr><td><i>If you are not sure if you have a serious illness<br>or you are not sure that you have had one of the<br>conditions listed previously, enter Do not know<br>and you will be asked about this by an interviewer<br>later in this visit.<br></i></td></tr></table>"
204;Overall_health_rating-0.0;Overall_health_rating-0.0;2178.0;0.0;Overall health rating;Overall health rating;Body injuries and illnesses;General health;100042.0;100508.0;"ACE touchscreen question ""In general how would you rate your overall health?"""
205;Pain_type(s)_experienced_in_last_month-0.0;Pain_types_experienced_in_last_month-0.0;6159.0;0.0;Pain type(s) experienced in last month;Pain type(s) experienced in last month;Body injuries and illnesses;Pain;100048.0;100553.0;"ACE touchscreen question ""In the last month have you experienced any of the following that interfered with your usual activites? (You can select more than one answer)""<p>The following checks were performed:<ul><li>If code 8 was selected, then no additional choices were allowed.</li><li>If code -7 was selected, then no additional choices were allowed.</li><li>If code -3 was selected, then no additional choices were allowed.</li></ul>"
206;Peak_expiratory_flow_(PEF)-0.0;Peak_expiratory_flow_PEF-0.0;3064.0;0.0;Peak expiratory flow (PEF);Peak expiratory flow (PEF);Body composition and body morphology;Spirometry;100020.0;0.0;Peak expiratory flow during blow
207;Physical_violence_by_partner_or_ex-partner_as_an_adult-0.0;Physical_violence_by_partner_or_ex-partner_as_an_adult-0.0;20523.0;0.0;Physical violence by partner or ex-partner as an adult;Physical violence from ex-/partner;Mental health and socio-affective factors;Traumatic events;145.0;532.0;"Question asked: ""Since I was sixteen... A partner or ex-partner deliberately hit me or used violence in any other way"""
208;Physically_abused_by_family_as_a_child-0.0;Physically_abused_by_family_as_a_child-0.0;20488.0;0.0;Physically abused by family as a child;Physically abused by family as a child;Mental health and socio-affective factors;Traumatic events;145.0;532.0;"Question asked: ""When I was growing up... People in my family hit me so hard that it left me with bruises or marks"""
209;Pork_intake-0.0;Pork_intake-0.0;1389.0;0.0;Pork intake;Pork intake;Diet and alcohol;Diet;100052.0;100377.0;"ACE touchscreen question ""How often do you eat pork? (Do not count processed meats such as bacon or ham)""<p>If the participant activated the Help button they were shown the message:<br><table><tr><td><i>Please provide an average considering your intake over the last year<br>If you are unsure, please provide an estimate or select Do not know.<br></i></td></tr></table>"
210;Poultry_intake-0.0;Poultry_intake-0.0;1359.0;0.0;Poultry intake;Poultry intake;Diet and alcohol;Diet;100052.0;100377.0;"ACE touchscreen question ""How often do you eat chicken, turkey or other poultry? (Do not count processed meats)""<p>If the participant activated the Help button they were shown the message:<br><table><tr><td><i>Please provide an average considering your intake over the last year<br>If you are unsure, please provide an estimate or select Do not know.<br></i></td></tr></table> <p>Poultry include fowl (e.g. chicken, turkey, quail), waterfowl (e.g. duck, goose) and game (e.g. pheasant)."
211;Predicted_Age;Predicted_Age;-1.0;-1.0;Predicted Age;Predicted Age;Not a feature;;-1.0;-1.0;Predicted brain age
212;Processed_meat_intake-0.0;Processed_meat_intake-0.0;1349.0;0.0;Processed meat intake;Processed meat intake;Diet and alcohol;Diet;100052.0;100377.0;"ACE touchscreen question ""How often do you eat processed meats (such as bacon, ham, sausages, meat pies, kebabs, burgers, chicken nuggets)?""<p>If the participant activated the Help button they were shown the message:<br><table><tr><td><i>Please provide an average considering your intake over the last year<br>If you are unsure, please provide an estimate or select Do not know.<br></i></td></tr></table>"
213;Pulse_rate-2.0;Pulse_rate-2.0;4194.0;2.0;Pulse rate;Pulse rate;Cardiovascular health;Arterial stiffness;100007.0;0.0;Pulse rate during arterial stiffness measurement
214;Pulse_rate,_automated_reading-0.0;Pulse_rate_automated_reading-0.0;102.0;0.0;Pulse rate, automated reading;Pulse rate, automated reading;Cardiovascular health;Blood pressure;100011.0;0.0;This is the pulse rate measured during the automated blood pressure readings.
215;Pulse_wave_Arterial_Stiffness_index-2.0;Pulse_wave_Arterial_Stiffness_index-2.0;21021.0;2.0;Pulse wave Arterial Stiffness index;Pulse wave Arterial Stiffness index;Cardiovascular health;Arterial stiffness;100007.0;0.0;The time between peaks of the waveform (the peak-to-peak time) is divided into the persons height to obtain the Stiffness Index.  This value was calculated outside the Assessment Centre visit as the participant height was not known until after the stiffness device had been used.
216;Qualifications-0.0;Qualifications-0.0;6138.0;0.0;Qualifications;Qualifications;Sociodemographics;Education;100063.0;100305.0;"ACE touchscreen question ""Which of the following qualifications do you have? (You can select more than one)""<p>The following checks were performed:<ul><li>If code -7 was selected, then no additional choices were allowed.</li><li>If code -3 was selected, then no additional choices were allowed.</li></ul><p>If the participant activated the Help button they were shown the message:<br><table><tr><td><i>A levels/AS levels and equivalent includes the Higher School Certificate<br><br>O levels/GCSEs and equivalent includes the School Certificate.<br></i></td></tr></table>"
217;Race;Race;-1.0;-1.0;Race;Race;Sociodemographics;Ethnicity;100065.0;1001.0;Participant Race Converted from and uses same data encoding as 21000[Ethnic background]  which its encoding is 1001
218;Recent_changes_in_speed/amount_of_moving_or_speaking-0.0;Recent_changes_in_speedamount_of_moving_or_speaking-0.0;20518.0;0.0;Recent changes in speed/amount of moving or speaking;Changes in speed/amount of moving or speaking lately;Mental health and socio-affective factors;Depression;138.0;504.0;"Question asked: ""Over the last 2 weeks, how often have you been bothered by any of the following problems? [depressive symptoms] Moving or speaking so slowly that other people could have noticed?  Or the opposite - being so fidgety or restless that you have been moving around a lot more than usual"""
219;Recent_easy_annoyance_or_irritability-0.0;Recent_easy_annoyance_or_irritability-0.0;20505.0;0.0;Recent easy annoyance or irritability;Easily annoyed or irritable lately;Mental health and socio-affective factors;Anxiety;140.0;504.0;"Question asked: ""Over the last 2 weeks, how often have you been bothered by any of the following problems? [anxiety symptoms] Becoming easily annoyed or irritable"""
220;Recent_feelings_of_depression-0.0;Recent_feelings_of_depression-0.0;20510.0;0.0;Recent feelings of depression;Feelings of depression lately;Mental health and socio-affective factors;Depression;138.0;504.0;"Question asked: ""Over the last 2 weeks, how often have you been bothered by any of the following problems? [depressive symptoms] Feeling down, depressed, or hopeless"""
221;Recent_feelings_of_foreboding-0.0;Recent_feelings_of_foreboding-0.0;20512.0;0.0;Recent feelings of foreboding;Feelings of foreboding lately;Mental health and socio-affective factors;Anxiety;140.0;504.0;"Question asked: ""Over the last 2 weeks, how often have you been bothered by any of the following problems? [anxiety symptoms] Feeling afraid as if something awful might happen"""
222;Recent_feelings_of_inadequacy-0.0;Recent_feelings_of_inadequacy-0.0;20507.0;0.0;Recent feelings of inadequacy;Feelings of inadequacy lately;Mental health and socio-affective factors;Depression;138.0;504.0;"Question asked: ""Over the last 2 weeks, how often have you been bothered by any of the following problems? [depressive symptoms] Feeling bad about yourself or that you are a failure or have let yourself or your family down"""
223;Recent_feelings_of_tiredness_or_low_energy-0.0;Recent_feelings_of_tiredness_or_low_energy-0.0;20519.0;0.0;Recent feelings of tiredness or low energy;Feelings of tiredness/low energy lately;Mental health and socio-affective factors;Depression;138.0;504.0;"Question asked: ""Over the last 2 weeks, how often have you been bothered by any of the following problems? [depressive symptoms] Feeling tired or having little energy"""
224;Recent_feelings_or_nervousness_or_anxiety-0.0;Recent_feelings_or_nervousness_or_anxiety-0.0;20506.0;0.0;Recent feelings or nervousness or anxiety;Feelings of anxiety/nervousness lately;Mental health and socio-affective factors;Anxiety;140.0;504.0;"Question asked: ""Over the last 2 weeks, how often have you been bothered by any of the following problems? [anxiety symptoms] Feeling nervous, anxious or on edge"""
225;Recent_inability_to_stop_or_control_worrying-0.0;Recent_inability_to_stop_or_control_worrying-0.0;20509.0;0.0;Recent inability to stop or control worrying;Difficulty stopping worry lately;Mental health and socio-affective factors;Anxiety;140.0;504.0;"Question asked: ""Over the last 2 weeks, how often have you been bothered by any of the following problems? [anxiety symptoms] Not being able to stop or control worrying"""
226;Recent_lack_of_interest_or_pleasure_in_doing_things-0.0;Recent_lack_of_interest_or_pleasure_in_doing_things-0.0;20514.0;0.0;Recent lack of interest or pleasure in doing things;Diminished pleasure in activities lately;Mental health and socio-affective factors;Depression;138.0;504.0;"Question asked: ""Over the last 2 weeks, how often have you been bothered by any of the following problems? [depressive symptoms] Little interest or pleasure in doing things"""
227;Recent_poor_appetite_or_overeating-0.0;Recent_poor_appetite_or_overeating-0.0;20511.0;0.0;Recent poor appetite or overeating;Poor appetite and overeating lately;Mental health and socio-affective factors;Depression;138.0;504.0;"Question asked: ""Over the last 2 weeks, how often have you been bothered by any of the following problems? [depressive symptoms] Poor appetite or overeating"""
228;Recent_restlessness-0.0;Recent_restlessness-0.0;20516.0;0.0;Recent restlessness;Feelings of restlessness lately;Mental health and socio-affective factors;Anxiety;140.0;504.0;"Question asked: ""Over the last 2 weeks, how often have you been bothered by any of the following problems? [anxiety symptoms] Being so restless that it is hard to sit still"""
229;Recent_thoughts_of_suicide_or_self-harm-0.0;Recent_thoughts_of_suicide_or_self-harm-0.0;20513.0;0.0;Recent thoughts of suicide or self-harm;Having thoughts of self-harm lately;Mental health and socio-affective factors;Depression;138.0;504.0;"Question asked: ""Over the last 2 weeks, how often have you been bothered by any of the following problems? [depressive symptoms] Thoughts that you would be better off dead or of hurting yourself in some way"""
230;Recent_trouble_concentrating_on_things-0.0;Recent_trouble_concentrating_on_things-0.0;20508.0;0.0;Recent trouble concentrating on things;Trouble focusing on tasks lately;Mental health and socio-affective factors;Depression;138.0;504.0;"Question asked: ""Over the last 2 weeks, how often have you been bothered by any of the following problems? [depressive symptoms] Trouble concentrating on things, such as reading the newspaper or watching television"""
231;Recent_trouble_relaxing-0.0;Recent_trouble_relaxing-0.0;20515.0;0.0;Recent trouble relaxing;Difficulty relaxing lately;Mental health and socio-affective factors;Anxiety;140.0;504.0;"Question asked: ""Over the last 2 weeks, how often have you been bothered by any of the following problems? [anxiety symptoms] Trouble relaxing"""
232;Recent_worrying_too_much_about_different_things-0.0;Recent_worrying_too_much_about_different_things-0.0;20520.0;0.0;Recent worrying too much about different things;Excessive worrying lately;Mental health and socio-affective factors;Anxiety;140.0;504.0;"Question asked: ""Over the last 2 weeks, how often have you been bothered by any of the following problems? [anxiety symptoms] Worrying too much about different things"""
233;Repeated_disturbing_thoughts_of_stressful_experience_in_past_month-0.0;Repeated_disturbing_thoughts_of_stressful_experience_in_past_month-0.0;20497.0;0.0;Repeated disturbing thoughts of stressful experience in past month;Disturbing thoughts of past stress lately;Mental health and socio-affective factors;Traumatic events;145.0;534.0;"Question asked: ""Next is a list of problems and complaints that people sometimes have in response to such extremely stressful experiences. Please indicate how much you have been bothered by that problem in the past month: Repeated, disturbing memories, thoughts, or images of a stressful experience?"""
234;Salad_/_raw_vegetable_intake-0.0;Salad__raw_vegetable_intake-0.0;1299.0;0.0;Salad / raw vegetable intake;Salad / raw vegetable intake;Diet and alcohol;Diet;100052.0;100373.0;"ACE touchscreen question ""On average how many heaped tablespoons of SALAD or RAW vegetables would you eat per DAY? (Include lettuce, tomato in sandwiches; put '0' if you do not eat any)""<p>The following checks were performed:<ul><li>If answer > 50 then rejected</li></ul><p>If the participant activated the Help button they were shown the message:<br><table><tr><td><i>Please provide an average considering your intake over the last year.<br>If you are unsure, please provide an estimate or select Do not know.<br>If you have less than one tablespoon a day select Less than one.<br></i></td></tr></table>"
235;Salt_added_to_food-0.0;Salt_added_to_food-0.0;1478.0;0.0;Salt added to food;Salt added to food;Diet and alcohol;Diet;100052.0;100394.0;"ACE touchscreen question ""Do you add salt to your food? (Do not include salt used in cooking)""<p>If the participant activated the Help button they were shown the message:<br><table><tr><td><i>Please provide an average considering your intake over the last year<br>If you are unsure, please provide an estimate or select Do not know.<br><br></i></td></tr></table>"
236;Session;Session;-1.0;-1.0;Session;Session;Not a feature;;-1.0;-1.0;"Session 2 means: Imaging visit (2014+) ; and Session 3 means : First repeat imaging visit (2019+)"
237;Sex;Sex;31.0;;Sex;Sex;Not a feature;Baseline characteristics;100094.0;9.0;Sex of participant. <p>Acquired from central registry at recruitment, but in some cases updated by the participant. Hence this field may contain a mixture of the sex the NHS had recorded for the participant and self-reported sex.
238;Sexual_interference_by_partner_or_ex-partner_without_consent_as_an_adult-0.0;Sexual_interference_by_partner_or_ex-partner_without_consent_as_an_adult-0.0;20524.0;0.0;Sexual interference by partner or ex-partner without consent as an adult;Non-consensual sexual Interference by ex-/partners;Mental health and socio-affective factors;Traumatic events;145.0;532.0;"Question asked: ""Since I was sixteen... A partner or ex-partner sexually interfered with me, or forced me to have sex against my wishes"""
239;Sexually_molested_as_a_child-0.0;Sexually_molested_as_a_child-0.0;20490.0;0.0;Sexually molested as a child;Sexually molested as a child;Mental health and socio-affective factors;Traumatic events;145.0;532.0;"Question asked: ""When I was growing up... Someone molested me (sexually)"""
240;Sitting_height-0.0;Sitting_height-0.0;20015.0;0.0;Sitting height;Sitting height;Body composition and body morphology;Body size measures;100010.0;0.0;Distance from rump to crown when sitting, calculated as the difference between ~F51~ and ~F3077~.
241;Smoking_status-0.0;Smoking_status-0.0;20116.0;0.0;Smoking status;Smoking status;Cardiovascular health;Smoking;100058.0;90.0;This field summarises the current/past smoking status of the participant.
242;Someone_to_take_to_doctor_when_needed_as_a_child-0.0;Someone_to_take_to_doctor_when_needed_as_a_child-0.0;20491.0;0.0;Someone to take to doctor when needed as a child;Childhood Health: The Role of a Supportive Caregiver;Mental health and socio-affective factors;Traumatic events;145.0;532.0;"Question asked: ""When I was growing up... There was someone to take me to the doctor if I needed it"""
243;Spread_type-2.0;Spread_type-2.0;1428.0;2.0;Spread type;Spread type;Diet and alcohol;Diet;100052.0;100388.0;"ACE touchscreen question ""What type of spread do you mainly use?""<p>If the participant activated the Help button they were shown the message:<br><table><tr><td><i>If you use more than one type of spread, please select the one that<br>you use the most.<br>If you are unsure, select Do not know.<br></i></td></tr></table>"
244;26202-0.0;26202-0.0;26202.0;0.0;Standard PRS for age at menopause (AAM);Standard PRS for age at menopause (AAM);Baseline characteristics;Standard PRS;301.0;0.0;Standard PRS Release: Polygenic score for the trait for all UK Biobank participants. External GWAS training data only.
245;26204-0.0;26204-0.0;26204.0;0.0;Standard PRS for age-related macular degeneration (AMD);Standard PRS for age-related macular degeneration (AMD);Eye/Vision impairment;Standard PRS;301.0;0.0;Standard PRS Release: Polygenic score for the trait for all UK Biobank participants. External GWAS training data only.
246;SubjectID;SubjectID;-1.0;-1.0;SubjectID;Subject ID;Not a feature;;-1.0;-1.0;`sub-` + eid
247;Systolic_blood_pressure,_automated_reading-0.0;Systolic_blood_pressure_automated_reading-0.0;4080.0;0.0;Systolic blood pressure, automated reading;Systolic blood pressure, automated reading;Cardiovascular health;Blood pressure;100011.0;0.0;Blood pressure, automated reading, systolic. Two measures of blood pressure were taken a few moments apart. <p> Range returned by the Omron device is is 0-255
248;Taking_other_prescription_medications-0.0;Taking_other_prescription_medications-0.0;2492.0;0.0;Taking other prescription medications;Other prescription medications;Body injuries and illnesses;Medication;100045.0;100603.0;"ACE touchscreen question ""Do you regularly take any other PRESCRIPTION medications? (Do not forget medications such as puffers or patches)"""
249;Tea_intake-0.0;Tea_intake-0.0;1488.0;0.0;Tea intake;Tea intake;Diet and alcohol;Diet;100052.0;100373.0;"ACE touchscreen question ""How many cups of tea do you drink each DAY? (Include black and green tea)""<p>The following checks were performed:<ul><li>If answer < 0 then rejected</li><li>If answer > 99 then rejected</li><li>If answer > 20 then participant asked to confirm</li></ul><p>If the participant activated the Help button they were shown the message:<br><table><tr><td><i>Please provide an average considering your intake over the last year.<br>If you are unsure, please provide an estimate or select Do not know.<br></i></td></tr></table>"
250;GM;GM;-1.0;-1.0;Total Gray Matter Volume (GM);Total Gray Matter Volume (GM);Not a feature;;-1.0;-1.0;From Gray Matter Volume calculation - preprocessing
251;TIV;TIV;-1.0;-1.0;Total Intracranial Volume (TIV);Total Intracranial Volume (TIV);Not a feature;;-1.0;-1.0;From Gray Matter Volume calculation - preprocessing
252;Trouble_falling_or_staying_asleep,_or_sleeping_too_much-0.0;Trouble_falling_or_staying_asleep_or_sleeping_too_much-0.0;20517.0;0.0;Trouble falling or staying asleep, or sleeping too much;Sleep Disruptions: Difficulty Falling or Staying Asleep;Mental health and socio-affective factors;Depression;138.0;504.0;"Question asked: ""Over the last 2 weeks, how often have you been bothered by any of the following problems? [depressive symptoms] Trouble falling or staying asleep, or sleeping too much"""
253;Trunk_fat_mass-0.0;Trunk_fat_mass-0.0;23128.0;0.0;Trunk fat mass;Trunk fat mass;Body composition and body morphology;Body composition by impedance;100009.0;0.0;Body composition estimation by impedance measurement. Trunk fat mass<p>Trunk fat mass in Kg, 0.1 increments.
254;Trunk_fat_percentage-0.0;Trunk_fat_percentage-0.0;23127.0;0.0;Trunk fat percentage;Trunk fat percentage;Body composition and body morphology;Body composition by impedance;100009.0;0.0;Body composition estimation by impedance measurement. Trunk fat percentages<p>Range 1-75% in 0.1% increments.
255;Trunk_fat-free_mass-0.0;Trunk_fat-free_mass-0.0;23129.0;0.0;Trunk fat-free mass;Trunk fat-free mass;Body composition and body morphology;Body composition by impedance;100009.0;0.0;Body composition estimation by impedance measurement. Trunk fat free mass.<p>Trunk fat free mass in Kg, 0.1 increments.
256;Trunk_predicted_mass-0.0;Trunk_predicted_mass-0.0;23130.0;0.0;Trunk predicted mass;Trunk predicted mass;Body composition and body morphology;Body composition by impedance;100009.0;0.0;Body composition estimation by impedance measurement. Trunk predicted mass<p>in Kg, 0.1 increments.
257;Variation_in_diet-2.0;Variation_in_diet-2.0;1548.0;2.0;Variation in diet;Variation in diet;Diet and alcohol;Diet;100052.0;100401.0;"ACE touchscreen question ""Does your diet vary much from week to week?"""
258;Vascular/heart_problems_diagnosed_by_doctor-0.0;Vascularheart_problems_diagnosed_by_doctor-0.0;6150.0;0.0;Vascular/heart problems diagnosed by doctor;Vascular/heart problems;Cardiovascular health;Medical conditions;100044.0;100605.0;"ACE touchscreen question ""Has a doctor ever told you that you have had any of the following conditions? (You can select more than one answer)""<p>The following checks were performed:<ul><li>If code -7 was selected, then no additional choices were allowed.</li><li>If code -3 was selected, then no additional choices were allowed.</li></ul><p>If the participant activated the Help button they were shown the message:<br><table><tr><td><i>If you do not know if you have had any of the listed<br>conditions, enter None of the above. You can check this<br>with an interviewer later in the visit.<br></i></td></tr></table>"
259;Victim_of_physically_violent_crime-0.0;Victim_of_physically_violent_crime-0.0;20529.0;0.0;Victim of physically violent crime;Victim of physically violent crime;Mental health and socio-affective factors;Traumatic events;145.0;533.0;"Question asked: ""In your life, have you...? Been attacked, mugged, robbed, or been the victim of a physically violent crime"""
260;Victim_of_sexual_assault-0.0;Victim_of_sexual_assault-0.0;20531.0;0.0;Victim of sexual assault;Victim of sexual assault;Mental health and socio-affective factors;Traumatic events;145.0;533.0;"Question asked: ""In your life, have you...? Been a victim of a sexual assault, whether by a stranger or someone you knew"""
261;Vitamin_and_mineral_supplements-2.0;Vitamin_and_mineral_supplements-2.0;6155.0;2.0;Vitamin and mineral supplements;Vitamin and mineral supplements;Diet and alcohol;Medication;100045.0;100629.0;"ACE touchscreen question ""Do you regularly take any of the following? (You can select more than one answer)""<p>The following checks were performed:<ul><li>If code -7 was selected, then no additional choices were allowed.</li><li>If code -3 was selected, then no additional choices were allowed.</li></ul>"
262;Volumetric_scaling_from_T1_head_image_to_standard_space-2.0;Volumetric_scaling_from_T1_head_image_to_standard_space-2.0;25000.0;2.0;Volumetric scaling from T1 head image to standard space;Volumetric scaling from T1 head image to standard space;Not a feature;T1 structural brain MRI;110.0;0.0;Volumetric scaling from the T1 head image to standard space
263;Waist_circumference-0.0;Waist_circumference-0.0;48.0;0.0;Waist circumference;Waist circumference;Body composition and body morphology;Body size measures;100010.0;0.0;Waist circumference
264;Water_intake-0.0;Water_intake-0.0;1528.0;0.0;Water intake;Water intake;Diet and alcohol;Diet;100052.0;100373.0;"ACE touchscreen question ""How many glasses of water do you drink each DAY? ""<p>The following checks were performed:<ul><li>If answer < 0 then rejected</li><li>If answer > 99 then rejected</li><li>If answer > 10 then participant asked to confirm</li></ul><p>If the participant activated the Help button they were shown the message:<br><table><tr><td><i>Please provide an average considering your intake over the last year.<br>If you are unsure, please provide an estimate or select Do not know.<br></i></td></tr></table>"
265;Weight-0.0;Weight-0.0;21002.0;0.0;Weight;Weight;Body composition and body morphology;Body size measures;100010.0;0.0;Weight was measured by a variety of means during the initial Assessment Centre visit. This field amalgamates these values into a single item.
266;Weight_change_compared_with_1_year_ago-0.0;Weight_change_compared_with_1_year_ago-0.0;2306.0;0.0;Weight change compared with 1 year ago;Weight change in last year;Body composition and body morphology;General health;100042.0;100540.0;"ACE touchscreen question ""Compared with one year ago, has your weight changed?"""
267;Wheeze_or_whistling_in_the_chest_in_last_year-0.0;Wheeze_or_whistling_in_the_chest_in_last_year-0.0;2316.0;0.0;Wheeze or whistling in the chest in last year;Wheeze or whistling in the chest in last year;Body injuries and illnesses;Breathing;100037.0;100349.0;"ACE touchscreen question ""In the last year have you ever had wheeze or whistling in the chest?"""
268;Whole_body_fat_mass-0.0;Whole_body_fat_mass-0.0;23100.0;0.0;Whole body fat mass;Whole body fat mass;Body composition and body morphology;Body composition by impedance;100009.0;0.0;Body composition estimation by impedance measurement. Fat mass<p>Total fat mass in Kg, in 0.1Kg increments.
269;Whole_body_fat-free_mass-0.0;Whole_body_fat-free_mass-0.0;23101.0;0.0;Whole body fat-free mass;Whole body fat-free mass;Body composition and body morphology;Body composition by impedance;100009.0;0.0;Body composition estimation by impedance measurement. Fat free mass<p>Fat free mass in Kg. Increment in 0.1 Kg
270;Whole_body_water_mass-0.0;Whole_body_water_mass-0.0;23102.0;0.0;Whole body water mass;Whole body water mass;Body composition and body morphology;Body composition by impedance;100009.0;0.0;Body composition estimation by impedance measurement. Body water mass<p>Units in Kg. Increments in 0.1 Kg.
271;Witnessed_sudden_violent_death-0.0;Witnessed_sudden_violent_death-0.0;20530.0;0.0;Witnessed sudden violent death;Witnessed sudden violent death;Mental health and socio-affective factors;Traumatic events;145.0;533.0;"Question asked: ""In your life, have you...? Witnessed a sudden violent death (eg. murder, suicide, aftermath of an accident)"""
272;Work/job_satisfaction-2.0;Workjob_satisfaction-2.0;4537.0;2.0;Work/job satisfaction;Work/job satisfaction;Mental health and socio-affective factors;Mental health;100060.0;100479.0;"ACE touchscreen question ""In general how satisfied are you with the WORK that you do?"" <p>Question was introduced part way through fieldwork in April 2009."
273;YearsOfEducation;YearsOfEducation;-1.0;-1.0;Years Of Education;Years  of education;Sociodemographics;Education;100063.0;100305.0;Estimated Years of Education Converted from Data-Field 6138[Qualifications] which its encoding is 100305